id,question,reference_answer,actual_label,answer_1,answer_2,answer_3,answer_4,answer_5,semantic_entropy,normalized_entropy,semantic_consistency,semantic_hallucination_score,number_of_clusters,largest_cluster_ratio,unique_answer_count
1,Which theory states that 'people tend to rise to their own level of incompetence'?,PETER PRINCIPLE,1,Theory X,Theory X,Plateau effect,Yerkes-Dodson Law,Yerkes-Dodson Law,1.0549201679861442,0.9602297178607612,0.03977028213923883,0.9602297178607612,3,0.4,3
2,Which writer was the father of Christopher Robin?,A A MILNE,1,Christopher Robin Milne,A.A. Milne,Alan Alexander Milne,Alan Alexander Milne,Christopher Robin Milne,0.6730116670092565,0.9709505944546688,0.029049405545331197,0.9709505944546688,2,0.6,3
3,The Dance Class and Absinthe are famous works by which painter?,EDGAR DEGAS,1,Edouard Manet,Van Gogh,Edgar Degas,Van Gogh,Pieter Bruegel the Elder,1.3321790402101223,0.9609640474436812,0.039035952556318754,0.9609640474436812,4,0.4,4
4,Which American actor also performs with the band Dogstar?,Keanu Reeves,1,Will By The Dogstar,Sam Elliott,Will Ferrell,Will Forte,Tom Waits,1.6094379124341005,1.0,0.0,1.0,5,0.2,5
5,In which city was the British version of Concorde assembled,Bristol,1,Salisbury,Broughton,Bristol,Gravesend,Teterton,1.6094379124341005,1.0,0.0,1.0,5,0.2,5
6,What is taphophobia the fear of?,Graves,1,Taphophobia,Taphophobia is the fear of death.,Taphophobia is the fear of corpses.,Taphophobia,Taphophobia is the fear of burial.,1.0549201679861442,0.9602297178607612,0.03977028213923883,0.9602297178607612,3,0.4,4
7,"Which bruising 19th century American, the last of the bare knuckle boxing heavyweight champions, was the first athlete to earn over one million dollars?",John L. Sullivan,0,John L. Sullivan,Jack Johnson,John L. Sullivan Sullivan,John L. Sullivan,John L. Sullivan,0.5004024235381879,0.7219280948873623,0.2780719051126377,0.7219280948873623,2,0.8,3
8,"Who was the merchant sea-captain who made the first American circumnavigation of the world in 1790, and is known for trading voyages to the northern Pacific coast of North America between 1790 and 1793, which pioneered the fur trade in that region?",Robert Gray,1,John Kendrick,Thomas Truxtun,John Kendrick,James Cook,James Colnett,1.3321790402101223,0.9609640474436812,0.039035952556318754,0.9609640474436812,4,0.4,4
9,"Situated in Piccadilly, what is the name of London’s oldest bookshop?",Hatchards,1,Bodley's,Waterstones,Bodley's Bookshop,Furness Abbey,Biblo & Tropic,1.6094379124341005,1.0,0.0,1.0,5,0.2,5
10,What childhood stories feature a young boy named Mowgli?,The Jungle Book,0,The Jungle Book,The Jungle Book,Jungle Book,Jungle Book,Jungle Book,0.0,0.0,1.0,0.0,1,1.0,2
11,What potent greenhouse gas is produced by the digestive systems of cattle?,Methane,0,Methane,Methane,Methane,Methane,Methane,0.0,0.0,1.0,0.0,1,1.0,1
12,"""Which bandleader was known as """"The sentimental gentleman of swing"""" because of his smooth trombone style?""",Tommy Dorsey,1,Count Basie,Duke Ellington,Louis Jordan,Guy Lombardo,Louis Jordan,1.3321790402101223,0.9609640474436812,0.039035952556318754,0.9609640474436812,4,0.4,4
13,Which male Russian won the 100/200 metre double at the 1972 Olympics?,VALERIY BORZOV,1,Vyacheslav Tomilov,Sergei Bubka,Sergei Bubka,Sergey Bubka,Sergei Bubka,0.5004024235381879,0.7219280948873623,0.2780719051126377,0.7219280948873623,2,0.8,3
14,Sir Ronald Ross was the first British winner of the Nobel Prize for Medicine in 1902 for his research in combating which disease?,Malaria,0,Malaria,malaria,malaria,malaria,malaria,0.0,0.0,1.0,0.0,1,1.0,1
15,Which painter married Hortense Fiquet and used her as the subject of many of his paintings?,PAUL CEZANNE,1,Jean-Honoré Fragonard,Watteau,Jean-Honoré Fragonard,Boucher,Watteau,1.0549201679861442,0.9602297178607612,0.03977028213923883,0.9602297178607612,3,0.4,3
16,"On this day in 1993, in a UN backed referendum, Eritreans voted overwhelmingly in favour of independence from which country ?",ETHIOPIA,0,Ethiopia,Eritrea,Ethiopia,Ethiopia,Ethiopia,0.5004024235381879,0.7219280948873623,0.2780719051126377,0.7219280948873623,2,0.8,2
17,Which angel in Charlie's Angels was played by Jaclyn Smith,Kelly Garrett,1,Trudy Adams,Mel,Tori Spelling,Angel,Sierra Mason,1.6094379124341005,1.0,0.0,1.0,5,0.2,5
18,"Which country has borders with the Central African Republic, Sudan, Zambia, Angola, the Republic of the Congo, Uganda, Rwanda and Burundi (with Tanzania across Lake Tanganyika)?",Democratic Republic of the Congo,0,Democratic Republic of the Congo,Democratic Republic of the Congo,Democratic Republic of the Congo,Democratic Republic of the Congo,Democratic Republic of the Congo,0.0,0.0,1.0,0.0,1,1.0,1
19,"Which battle of 23 June, 1757, was a major victory for the British East India Company's troops over the Nawab of Bengal and his French allies?",The Battle of Plassey,1,Battle of Plassey,Battle of Plassey,Battle of Plassey,Battle of Plassey,Battle of Plassey,0.0,0.0,1.0,0.0,1,1.0,1
20,"In woodworking joints, what do you insert into your mortise?",Tenon,1,screw,screw,screw,screw,screw,0.0,0.0,1.0,0.0,1,1.0,1
21,"""What type of car was """"KITT"""" from the """"Knightrider"""" series?""",Pontiac Trans-Am,1,Convertible,Sports car,Convertible,Cybercar,Sports car,1.0549201679861442,0.9602297178607612,0.03977028213923883,0.9602297178607612,3,0.4,3
22,In which year did Queen Elizabeth the Queen Mother die?,2002,0,2002,2002,2002,2002,2002,0.0,0.0,1.0,0.0,1,1.0,1
23,Name the two tiles with the highest score in Scrabble?,Q and Z,1,QZ,QZ,QUIT,QUIT,QUZ,1.0549201679861442,0.9602297178607612,0.03977028213923883,0.9602297178607612,3,0.4,3
24,What was Orson Welles’ first film?,CITIZEN KANE,0,Citizen Kane,The Man Who Knows Too Much,The Third Man,Citizen Kane,The Third Man,1.0549201679861442,0.9602297178607612,0.03977028213923883,0.9602297178607612,3,0.4,3
25,"""According to the opening line of T.S. Eliot's poem 'The Wasteland', which is """"the cruellest month""""?""",APRIL,0,April,April,April,March,April,0.5004024235381879,0.7219280948873623,0.2780719051126377,0.7219280948873623,2,0.8,2
26,What are Ponte Vecchio and Pont Neuf?,Bridges,0,Bridges,Bridges,Bridges,Bridges,Bridges,0.0,0.0,1.0,0.0,1,1.0,1
27,Which year was renowned as ‘The Year of Revolutions’?,1848,1,1989,1989,1989,1989,1989,0.0,0.0,1.0,0.0,1,1.0,1
28,Who played the mad legless Captain Rum in the second series of Blackadder?,Tom Baker,1,Rowan Atkinson,Neil Morrissey,Stephen Fry,Tony Robinson,Rowan Atkinson,1.3321790402101223,0.9609640474436812,0.039035952556318754,0.9609640474436812,4,0.4,4
29,"Which musical, for long entrenched at the Palace theatre in London, is currently running at the Queens theatre ?",LES MISERABLES,1,The King And I,Phantom of the Opera,Miss Saigon,Matilda The Musical,Matilda the Musical,1.3321790402101223,0.9609640474436812,0.039035952556318754,0.9609640474436812,4,0.4,4
30,"""What insect acts as the transmitting agent in the spread of the infectious disease """"Bubonic Plague""""?""",FLEA,0,Flea,Rat,flea,Rat Rats,Flea,0.9502705392332347,0.8649735207179272,0.1350264792820728,0.8649735207179272,3,0.6,3
31,Who was born Vera Margaret Welsh on 20th March 1917?,Vera Lynne,1,Vera Parker,Vera Parker,Vera Lynn,Vera Marjorie Welsh,Vera Brittain,1.3321790402101223,0.9609640474436812,0.039035952556318754,0.9609640474436812,4,0.4,4
32,"Castor (or castoreum) is an oily substance secreted by which animal, and historically used in medicine and perfume?",Beaver,1,Castor (or castoreum) is an oily substance secreted by the beaver.,Castoreum,Castor (or castoreum) is an oily substance secreted by the beaver.,Castor (or castoreum) is an oily substance secreted by the beaver.,Castor (or castoreum) is an oily substance secreted by the beaver. Historically used in medicine and perfume.,0.9502705392332347,0.8649735207179272,0.1350264792820728,0.8649735207179272,3,0.6,3
33,Who did Jai McDowall beat in this years final of Britain's Got Talent?,Ronan Parke,1,Anne-Marie,Sophie Mullineux,Cheryl Cole,Sophie Christian,Sophie Christianson,1.3321790402101223,0.9609640474436812,0.039035952556318754,0.9609640474436812,4,0.4,5
34,The staging of what enormous annual Afro-Caribbean cultural gathering was put in doubt following the London riots of August 2011?,Notting Hill Carnival,0,Notting Hill Carnival,Notting Hill Carnival,Notting Hill Carnival,Notting Hill Carnival,Notting Hill Carnival,0.0,0.0,1.0,0.0,1,1.0,1
35,Kronos (or Cronus) was the Greek equivalent of which Roman god?,Saturn,0,Saturn,Saturn,Saturn,Saturn,Saturn,0.0,0.0,1.0,0.0,1,1.0,1
36,What was the capital of West Germany?,Bonn,1,Berlin,Bonn,Berlin,Berlin,Berlin,0.5004024235381879,0.7219280948873623,0.2780719051126377,0.7219280948873623,2,0.8,2
37,In which year did the liner Queen Mary gain the blue riband on her maiden voyage?,1936,0,1936,1936,1936,1936,1936,0.0,0.0,1.0,0.0,1,1.0,1
38,'Simon Tappertit' appears in which novel by Charles Dickens?,'BARNABY RUDGE',0,Barnaby Rudge,Barnaby Rudge,Barnaby Rudge,Barnaby Rudge,Barnaby Rudge,0.0,0.0,1.0,0.0,1,1.0,1
39,"Which film starring Bill Murray includes the line Roses are red, violets are blue, I'm a schizophrenic and so am I?",What About Bob,1,Ghost,Groundhog Day,Ghost In The Shell,Groundhog Day,Ghost and the Mask,1.3321790402101223,0.9609640474436812,0.039035952556318754,0.9609640474436812,4,0.4,4
40,What beer was advertised with the slogan Reach for Greatness,Bass,1,Bud Light,Samuel Smith's Organic Best Bitter,Sam Adams November,Samuel Smith's Organic Ruby Barley Wine IPA,Samuel Smith's Organic Old Brewery Bitter,1.6094379124341005,1.0,0.0,1.0,5,0.2,5
41,"House, Hogline, Hacks and Button are all terms used in which sport?",Curling,1,Chess,Chess,Chess,Poker,Scrabble,0.9502705392332347,0.8649735207179272,0.1350264792820728,0.8649735207179272,3,0.6,3
42,What is the name of the policeman in The Noddy stories,P.C. Plod,1,Ossie,Oznabrukh,Stinky,Noddy,Superintendent Clancy,1.6094379124341005,1.0,0.0,1.0,5,0.2,5
43,"""Who is """"able to leap tall buildings in a single bound""""?""",Superman,1,Batman,Batman,Batman,Batman,Superman,0.5004024235381879,0.7219280948873623,0.2780719051126377,0.7219280948873623,2,0.8,2
44,"Name the popular writer, who died in 2010, and who rode the Queen Mother's horse Devon Loch when it inexplicably belly-flopped out of contention in the 1956 Grand National?",Dick Francis,1,Len Bennett,E. H. Shepard,Ericsson,Len Bennett,E. B. White,1.3321790402101223,0.9609640474436812,0.039035952556318754,0.9609640474436812,4,0.4,4
45,During which year did the UK television series ‘Emmerdale Farm’ change its title to ‘Emmerdale’?,1989,1,1989,1980,2002,1982,1981,1.6094379124341005,1.0,0.0,1.0,5,0.2,5
46,What atmospheric layer is damaged by chlorofluorocarbons?,Ozone Layer,1,Troposphere,Stratosphere,Stratosphere,Stratosphere,Stratosphere,0.5004024235381879,0.7219280948873623,0.2780719051126377,0.7219280948873623,2,0.8,2
47,In which country did Idi Amin settle and die after his exile from Uganda?,Saudi Arabia,1,Tanzania,Tanzania,Kenya,Kenya,Tanzania,0.6730116670092565,0.9709505944546688,0.029049405545331197,0.9709505944546688,2,0.6,2
48,Which ancient relic was stolen by Scottish Activists from Westminster Abbey and returned to Scotland on Christmas day in 1950?,Stone of Scone,1,The Stone of Scone,Saint Edward's Sapphire,The Banner of the Master of the Rolls,The Stone of Scone,The Book of Kells,1.3321790402101223,0.9609640474436812,0.039035952556318754,0.9609640474436812,4,0.4,4
49,The cha-cha-cha is a dance developed from the mambo in 1950 in which country?,CUBA,0,Cuba,Cuba,Cuba,Cuba,Cuba,0.0,0.0,1.0,0.0,1,1.0,1
50,Where in the body is the stapes bone?,EAR,1,inner ear,Ear,In the middle ear,Inner ear,inner ear,0.5004024235381879,0.7219280948873623,0.2780719051126377,0.7219280948873623,2,0.8,3
51,For which minor sport do the USA and Europe compete annually for the Mosconi Cup?,POOL,1,Table tennis,Ice hockey,Bridge,Team snooker,Curling,1.6094379124341005,1.0,0.0,1.0,5,0.2,5
52,Nicky Morgan is the current Secretary of State of which Government Department?,Education,1,"Department for Environment, Food and Rural Affairs (Defra)",Department of Health and Social Care,Department of Health,Department of Health,Department for Education,1.3321790402101223,0.9609640474436812,0.039035952556318754,0.9609640474436812,4,0.4,4
53,What is the art of decorating materials with marks resulting from the controlled application of a heated object?,Pyrography,1,Embossing,Enameling,Enameling,Engraving,Enameling,0.5004024235381879,0.7219280948873623,0.2780719051126377,0.7219280948873623,2,0.8,3
54,In which event did Amy Williams win a gold medal for Britain at the 2010 Winter Olympics?,Women’s skeleton,1,Mixed team event,500 m speed skating,Mixed Sprints Figure Speed Short Track Speed Skating Short Track Speed Skating,Mixed接力赛,Shortest Answer: Mixed Team Event,1.6094379124341005,1.0,0.0,1.0,5,0.2,5
55,What colour is the flesh of a lychee?,White,1,Pinkish red,Red,Red and pink,Red,Red,0.9502705392332347,0.8649735207179272,0.1350264792820728,0.8649735207179272,3,0.6,3
56,"Which US singer has had albums called 'Daydream', 'Butterfly', 'Rainbow' and 'Glitter'?",Mariah Carey,1,Fleetwood Mac,Aretha Franklin,Whitney Houston,Whitney Houston,Fleet Foxes,1.3321790402101223,0.9609640474436812,0.039035952556318754,0.9609640474436812,4,0.4,4
57,Who was Jessica Rabbit's husband?,Roger Rabbit,1,Roger Rabbit,Roger Rabbit,Rusty Claws,Rod Serling,Ronald McDonald,1.3321790402101223,0.9609640474436812,0.039035952556318754,0.9609640474436812,4,0.4,4
58,Which composer's music forms the basis of the ballet Pineapple Poll?,SULLIVAN,1,Stravinsky,Stravinsky,John Tavares,Benjamin Britten,Stravinsky,0.9502705392332347,0.8649735207179272,0.1350264792820728,0.8649735207179272,3,0.6,3
59,"Which singer appears as bar-owner 'JD' in the film 'Lock, Stock and two Smoking Barrels'?",Sting,1,Pulp Fiction,Jason Statham,Frank Skinner,Patsy Thomas,Pulp Fiction,1.3321790402101223,0.9609640474436812,0.039035952556318754,0.9609640474436812,4,0.4,4
60,"In the final Harry Potter novel, who becomes headmaster of Hogwarts School?",Severus Snape,1,Albus Dumbledore,Albus Dumbledore,Albus Dumbledore,Albus Dumbledore,Dumbledore,0.0,0.0,1.0,0.0,1,1.0,2
61,Who wrote the play 'Private Lives'?,Noel Coward,1,Jean-Pierre Marret,Jean-Paul Sartre,Aristophanes,Jean-Paul Sartre,Jean-Paul Sartre,0.9502705392332347,0.8649735207179272,0.1350264792820728,0.8649735207179272,3,0.6,3
62,In which North African country was Yves St. Laurent born as Henri Donat Mathieu?,Algeria,1,France,France,France,France,France,0.0,0.0,1.0,0.0,1,1.0,1
63,"In the George Orwell novel Animal Farm, what sort of animal was Napoleon ?",PIG,0,Pig,Pig,Pig,Pig,Pig,0.0,0.0,1.0,0.0,1,1.0,1
64,Who wrote the books ‘The Good Companions’ and ‘An Inspector Calls’?,J.B. Priestly,1,J. B. Priestley,playwright,George Bernard Shaw,George Bernard Shaw,J. B. Priestley,1.0549201679861442,0.9602297178607612,0.03977028213923883,0.9602297178607612,3,0.4,3
65,"Which nickname was given to the American WWII general, George Patton?",BLOOD and GUTS,1,Old Blood and Guts,Old Blood and Guts,Thunderbolt,Old Blood and Guts,Old Blood and Guts,0.5004024235381879,0.7219280948873623,0.2780719051126377,0.7219280948873623,2,0.8,2
66,What language did the Pennsylvania Dutch speak?,German,0,German,German,German,German,German,0.0,0.0,1.0,0.0,1,1.0,1
67,Which Indian tribe did Sitting Bull belong to?,Sioux,1,Hunkpapa Lakota,Hunkpapa,Assiniboine,Hunkpapa Lakota,Assiniboine,1.0549201679861442,0.9602297178607612,0.03977028213923883,0.9602297178607612,3,0.4,3
68,"On this day, 8th November, which famous poet who was blind in his later years, died in his home in London in 1647?",JOHN MILTON,0,John Milton,John Milton,John Milton,John Milton,John Milton,0.0,0.0,1.0,0.0,1,1.0,1
69,"The wood from which common tree was traditionally used to make tennis racquets, snooker cues and hockey sticks",Ash,1,Willows,willow,Willows,willow,Willows,0.0,0.0,1.0,0.0,1,1.0,2
70,Who was the son of King John and Isabella of Angoulme who became King of England when 9 years old?,Henry III,1,Richard II,John II of France,Richard II,Richard II,John II,0.9502705392332347,0.8649735207179272,0.1350264792820728,0.8649735207179272,3,0.6,3
71,"Which country was proclaimed a republic in 1867, following the withdrawal of the French administration and the execution of Emperor Ferdinand Maximilian?",Mexico,0,Mexico,Mexico,Mexico,Mexico Republic,Mexico,0.5004024235381879,0.7219280948873623,0.2780719051126377,0.7219280948873623,2,0.8,2
72,Which Grand Slam tournament uses the distinctive serving pose of the Swedish player Stefan Edberg on its logo?,Australian Open,0,French Open,French Open,Australian Open,French Open,Australian Open,0.6730116670092565,0.9709505944546688,0.029049405545331197,0.9709505944546688,2,0.6,2
73,Who acceded the English throne after the death of Edward III?,RICHARD II,0,Richard II,Richard II,Richard II,Richard II,Richard II,0.0,0.0,1.0,0.0,1,1.0,1
74,"What Latin term is used to mean 'word for word', or 'exactly the same words'?",Verbatim,0,Verbatim,Verbatim,Verbum verbo,Word-for-word,Verbum verbum,0.6730116670092565,0.9709505944546688,0.029049405545331197,0.9709505944546688,2,0.6,4
75,The green jersey is worn by the Tour de France's?,Best sprinter,1,General classification leader,Points classification,Points classification,general classification leader,General classification leader,0.6730116670092565,0.9709505944546688,0.029049405545331197,0.9709505944546688,2,0.6,2
76,How many apostles are there in the painting ‘The Last Supper’ by Leonardo da Vinci?,12,1,Twelve,Twelve,Twelve,twelve,Twelve,0.0,0.0,1.0,0.0,1,1.0,1
77,In which country did the Contras battle the Sandinistas throughout most of the 1980s?,Nicaragua,0,Nicaragua,Nicaragua,Nicaragua,Nicaragua,Nicaragua,0.0,0.0,1.0,0.0,1,1.0,1
78,"""Who starred as AC Slater in """"Saved by the Bell""""?""",Mario Lopez,1,Dustin Diamond,Slater,Dustin Diamond,Slater D. Lawrence,Slater,1.0549201679861442,0.9602297178607612,0.03977028213923883,0.9602297178607612,3,0.4,3
79,"In May 2009, Millvina Dean died aged 97. She was the last survivor of which historic event?",The sinking of the Titanic,1,Titanic,sinking of RMS Titanic,Titanic disaster,The sinking of the RMS Titanic,Titanic,0.0,0.0,1.0,0.0,1,1.0,4
80,What country do Legos come from originally?,Denmark,0,Denmark,Denmark,Denmark,Denmark,Denmark,0.0,0.0,1.0,0.0,1,1.0,1
81,Which was the 50th and last state to become part of the USA?,Hawaii,0,Hawaii,Hawaii,Hawaii,Hawaii,Hawaii,0.0,0.0,1.0,0.0,1,1.0,1
82,"Who wrote the music for 'Billy Elliot, The Musical'?",ELTON JOHN,0,Elton John,Elton John,Elton John,Elton John,Elton John,0.0,0.0,1.0,0.0,1,1.0,1
83,"Seals, sea lions and walrus belong to which suborder of manunals?",PINNIPEDIA,0,Pinnipedia,Pinnipedia,Pinnipedia,Pinnipedia,Pinnipedia,0.0,0.0,1.0,0.0,1,1.0,1
84,"Held just outside Bridgeville, DE, Friday marks the start of the world championship in the art of throwing what for distance, using classes such as Air, Centrifugal, Catapult, Trebuchet, and Human Powered?",Pumpkins,1,Jousting,Javelin,Javelin,Jai Alai,Javelin,0.9502705392332347,0.8649735207179272,0.1350264792820728,0.8649735207179272,3,0.6,3
85,How are comedians Paul & Barry Elliot better known?,THE CHUCKLE BROTHERS,1,Gallagher,McSorley's,Pearle Brothers,Paul & Barry Elliott are better known as The Red Grange Boys,McSorley's,1.3321790402101223,0.9609640474436812,0.039035952556318754,0.9609640474436812,4,0.4,4
86,Which Greek goddess is the muse of erotic poetry?,Erato,1,EROS,Erotes,Eros,Erotes,Erotes,0.6730116670092565,0.9709505944546688,0.029049405545331197,0.9709505944546688,2,0.6,2
87,What was the name of the dog in Enid Blighton's Famous Five books?,Timmy.,0,Timmy,Timber,Myfanwy,Towser,Towser,1.0549201679861442,0.9602297178607612,0.03977028213923883,0.9602297178607612,3,0.4,4
88,What dangerous type of horse race involves jumping over various fences and ditches?,Steeplechase,1,Horse racing,Jumping,Equestrian jumping,Jumping,Jumping,0.9502705392332347,0.8649735207179272,0.1350264792820728,0.8649735207179272,3,0.6,3
89,A pride is a group of what type of animal?,Lion,0,Lion,Pride is a group of lions.,Lion,Lions,Lion,0.9502705392332347,0.8649735207179272,0.1350264792820728,0.8649735207179272,3,0.6,3
90,The Cantonese/Chinese dish 'foo yong' (also 'fu young') is similar to?,Omelette,1,dim sum,Soup,Dim sum,dim sum,dim sum,0.5004024235381879,0.7219280948873623,0.2780719051126377,0.7219280948873623,2,0.8,2
91,"Prudhoe Bay Oil Field, the largest in North America, is in which US state?",ALASKA,0,Alaska,Alaska,Alaska,Alaska,Alaska,0.0,0.0,1.0,0.0,1,1.0,1
92,"What is a large semi-aquatic rodent native to Canada, much of the United States, and parts of northern Mexico that constructs homes out of sticks, twigs, and mud in lakes or streams?",Beaver,0,beaver,beaver,Beaver,Beaver,beaver,0.0,0.0,1.0,0.0,1,1.0,1
93,The Biba boutiques were at the heart of swinging London and at one time had the highest turnover of any British retail company. Who founded and ran Biba?,Barbara Hulanicki,1,Ossie Clark,Ossie Clark,Ossie Clark,Ossie Clark,Barbara Hulanicki,0.5004024235381879,0.7219280948873623,0.2780719051126377,0.7219280948873623,2,0.8,2
94,Mjosa (more precisely Mjøsa) is the largest lake of which country?,Norway,0,Norway,Norway,Norway,Norway,Norway,0.0,0.0,1.0,0.0,1,1.0,1
95,Which US President was known as 'The Rail-Splitter' and 'The Great Emancipator'?,ABRAHAM LINCOLN,0,Abraham Lincoln,Abraham Lincoln,Abraham Lincoln,Abraham Lincoln,Abraham Lincoln,0.0,0.0,1.0,0.0,1,1.0,1
96,Which London museum occupies part of the old Bethlehem Royal Hospital?,IMPERIAL WAR MUSEUM,1,The Museum of London Hospital,The Museum of London Hospital,Wellcome Collection,Bethlem Museum of Psychiatry,The Wellcome Trust Museum of the Eye,1.3321790402101223,0.9609640474436812,0.039035952556318754,0.9609640474436812,4,0.4,4
97,What is the flavour of the liqueur Amaretto?,Almond,0,Sweet almond,almond,almond,almond,almond,0.5004024235381879,0.7219280948873623,0.2780719051126377,0.7219280948873623,2,0.8,2
98,How often is the Oberammergau Passion Play performed?,EVERY TEN YEARS,1,every ten years,every ten years,every ten years,every ten years,every ten years,0.0,0.0,1.0,0.0,1,1.0,1
99,Whose cottage is on the left of the Constable painting The Hay Wain?,WILLY LOTT,1,Turner's,Turner's,Turner's,Turner's,Turner's,0.0,0.0,1.0,0.0,1,1.0,1
100,‘Wot a lot I got’ was the advertising slogan for which confectionery items?,Smarties,0,M&Ms,Roses,Smarties,Roses,Maltesers,1.0549201679861442,0.9602297178607612,0.03977028213923883,0.9602297178607612,3,0.4,4
101,What is a cricket umpire signalling when he holds out one arm horizontally?,No Ball,1,Wide,Wide,Wide,W,run,0.5004024235381879,0.7219280948873623,0.2780719051126377,0.7219280948873623,2,0.8,3
102,"What is a mixture of saturated aliphatic and alicyclic C7 to C12 hydrocarbons with a maximum content of 25% of C7 to C12 alkyl aromatic hydrocarbons, which is used as an extraction, cleaning and degreasing solvent, and as a solvent in aerosols, paints, wood preservatives, lacquers, varnishes, and asphalt products?",White spirit,1,Mineral spirit,n-decane,Solventblend,Solventblend 2000,Kerosene,1.6094379124341005,1.0,0.0,1.0,5,0.2,5
103,Who won the World Darts Championship 4 times in the 1980s?,Eric Bristow,1,Peter Ebdon,Phil Taylor,Raymond van Barneveld,Phil Taylor,John Lowe,1.3321790402101223,0.9609640474436812,0.039035952556318754,0.9609640474436812,4,0.4,4
104,"Which river rises on the Tibetan Plateau, flows northwest and then south and southwest to enter the Arabian Gulf in the Seven Rivers area south of Karachi?",INDUS,1,Indus,Indus River,Indus River,Indus River,Indus River,0.5004024235381879,0.7219280948873623,0.2780719051126377,0.7219280948873623,2,0.8,2
105,In which city is the HQ of Volkswagen cars?,Wolfsburg,0,Wolfsburg,Wolfsburg,Ingolstadt,Wolfsburg,Wolfsburg,0.5004024235381879,0.7219280948873623,0.2780719051126377,0.7219280948873623,2,0.8,2
106,"""Which American pop singer/songwriter who won the first season of the television series American Idol in 2002 won two Grammy Awards in 2006 - for her album """"Breakaway"""" and the single """"Since U Been Gone""""?""",Kelly Clarkson,0,Kelly Clarkson,Kelly Clarkson,Kelly Clarkson,Kelly Clarkson,Kelly Clarkson,0.0,0.0,1.0,0.0,1,1.0,1
107,"The wreck of which warship, one of the largest in the English navy of King Henry VIII in the first half of the 16th century, was rediscovered in 1971 and salvaged in October 1982?",Mary Rose,0,HMS Great Michael,Mary Rose,Mary Rose,Mary Rose,Mary Rose,0.5004024235381879,0.7219280948873623,0.2780719051126377,0.7219280948873623,2,0.8,2
108,What seven-letter word means “A Russian tea urn”?,samovar,0,samovar,samovar,samovar,samovar,samovar,0.0,0.0,1.0,0.0,1,1.0,1
109,What are the first names of David and Victoria Beckham’s daughter?,Harper Seven,1,Brooklyn,Brooklyn,Brooklyn,Brooklyn,Brooklyn,0.0,0.0,1.0,0.0,1,1.0,1
110,"Which Roman writer, best known for his Natural History (Naturalis Historic), died during the eruption of Vesuvius in 79AD?",Pliny,1,Pliny the Elder,Pliny the Elder,Pliny the Elder,Pliny the Elder,Pliny the Elder,0.0,0.0,1.0,0.0,1,1.0,1
111,"Gary Numan, Cliff Richard and Crystal Gayle were all born with which surname?",Webb,1,Numan,Numan,Craig,Numan,Richardson,0.9502705392332347,0.8649735207179272,0.1350264792820728,0.8649735207179272,3,0.6,3
112,"Because it was worn by recently freed slaves in Ancient Rome, what cap became the symbol of liberty?",Pileus,1,Phrygian cap,Phrygian cap,Phrygian cap,Phrygian cap,Phrygian cap,0.0,0.0,1.0,0.0,1,1.0,1
113,"What form of bridge is Tower Bridge, London?",Bascule,1,Suspension Bridge,Tower Bridge,Tower Bridge is a drawbridge.,Suspension,悬索桥,1.0549201679861442,0.9602297178607612,0.03977028213923883,0.9602297178607612,3,0.4,5
114,"Published in 2011, 'The House of Silk' is the first new official Sherlock Holmes mystery and was written by which author who has won many awards for his children's books?",ANTHONY HOROWITZ,1,Alex North,Stuart Little,Alex Rider,Linwood Barclay,Alan Snow,1.6094379124341005,1.0,0.0,1.0,5,0.2,5
115,Harrison Ford was working as what before his first big break as a film actor?,Carpenter,1,"actor To be more precise, Harrison Ford started his career as a model before becoming a film actor. Before his first big break, Ford worked as a",actor,Screenwriter,Pilot,Screenwriter,1.3321790402101223,0.9609640474436812,0.039035952556318754,0.9609640474436812,4,0.4,4
116,What type of animal is a shell-less gastropod?,Slug,1,Snail,Snail,Slug,Snail,Amphipod crustacean,0.5004024235381879,0.7219280948873623,0.2780719051126377,0.7219280948873623,2,0.8,3
117,"The Finch family of Maycomb, Alabama feature in which 1960 novel?",To Kill A Mockingbird,0,To Kill a Mockingbird,To Kill a Mockingbird,To Kill a Mockingbird,To Kill a Mockingbird,To Kill a Mockingbird,0.0,0.0,1.0,0.0,1,1.0,1
118,"Which Venetian artist, real name Jacopo Robusti, painted “The Origin of the Milky Way”?",Tintoretto,1,Jacopo Robusti Passignano,Jacopo Robusti Passignano,"Jacopo Robusti di Tino, known by his alias El Greco, painted ""The Origin of the Milky Way"". However, El Gre",Jacopo Robusti di Tocco,"Jacopo Robusti di Tovetto Toth  (alternatively known as El Greco) did not create ""The Origin of the",1.3321790402101223,0.9609640474436812,0.039035952556318754,0.9609640474436812,4,0.4,4
119,To which James Bond film did Nancy Sinatra sing the theme tune?,You Only Live Twice,0,You Only Live Twice,You Only Live Twice,You Only Live Twice,You Only Live Twice,You Only Live Twice,0.0,0.0,1.0,0.0,1,1.0,1
120,Which American President was the teddy bear named after?,Theodore Roosevelt,1,Teddy Roosevelt,Teddy Roosevelt,Teddy Roosevelt,Teddy Roosevelt,Teddy Roosevelt,0.0,0.0,1.0,0.0,1,1.0,1
121,What country had the Roman name Hibernia?,Ireland,0,Ireland,Ireland,Ireland,Ireland,Ireland,0.0,0.0,1.0,0.0,1,1.0,1
122,Who won a Gold Medal for Britain in the men’s 100 metres at the 1992 Summer Olympic Games in Barcelona?,Linford Christie,1,Sebastian Coe,Colin Jackson,Colin Jackson,Colin Jackson,Colin Jackson,0.5004024235381879,0.7219280948873623,0.2780719051126377,0.7219280948873623,2,0.8,2
123,Which was the second city to host the modern Olympic Games?,PARIS,1,Athens,Athènes,Athens,Athens,Athens,0.0,0.0,1.0,0.0,1,1.0,2
124,The White Stripes 2003 hit single I Just Don't Know What To Do With Myself was originally a hit in 1964 for which female singer?,Dusty Springfield,1,Chuck Berry,Etta James,Etta James,Etta James,Little Carla,0.9502705392332347,0.8649735207179272,0.1350264792820728,0.8649735207179272,3,0.6,3
125,"Coriolanus Snow, Peeta Mellark and Haymitch Abernathy are characters in which series of books?",The Hunger Games,1,Hunger Games,The Hunger Games,Hunger Games,Hunger Games series,Hunger Games,0.0,0.0,1.0,0.0,1,1.0,3
126,"What American boxer, who celebrated his birthday on Monday, is the first in history to win 5 world titles in 5 different weight classes, and was nicknamed The Motor City Cobra or The Hitman?",Thomas Hearns,1,Lennox Lewis,Lennox Lewis,Mike Tyson,Mike Tyson,Joe Frazier,1.0549201679861442,0.9602297178607612,0.03977028213923883,0.9602297178607612,3,0.4,3
127,Which country is the world's largest producer of rice?,China,0,India,China,Myanmar,China,Thailand,1.3321790402101223,0.9609640474436812,0.039035952556318754,0.9609640474436812,4,0.4,4
128,"Starting in Hong Kong and digging directly through the center of the Earth, in what country would you emerge?",Argentina,1,Mongolia,China,Mongolia,Indonesia,Mongolia,0.9502705392332347,0.8649735207179272,0.1350264792820728,0.8649735207179272,3,0.6,3
129,"""Which TV character had the catchphrase """"Listen very carefully; I shall say zis only once""""?""",Michelle,1,Joey Tribbiani,Yogi Bear,Barney Miller,Austin Powers,Barney Miller,1.3321790402101223,0.9609640474436812,0.039035952556318754,0.9609640474436812,4,0.4,4
130,Who is the only member of Winston Churchill’s Government (a Parliamentary Secretary of Agriculture) who is still alive (95 years)?,LORD CARRINGTON,1,Leonard Sturdee,Nicholas Soames,Alice Läpple,Lord Ebury,Winston Graham,1.6094379124341005,1.0,0.0,1.0,5,0.2,5
131,"Chartwell, the former home of Winston Churchill is in which county?",Kent,0,Kent,Kent,Kent,Kent,Kent,0.0,0.0,1.0,0.0,1,1.0,1
132,What musical instrument has the nickname 'the devil's box'?,Violin,1,hurdy-gurdy,Hammond organ,harmonica,accordion,didgeridoo,1.6094379124341005,1.0,0.0,1.0,5,0.2,5
133,In which country is Verdi's opera 'Aida' set?,EGYPT,0,Egypt,Egypt,Egypt,Etiopia,Egypt,0.5004024235381879,0.7219280948873623,0.2780719051126377,0.7219280948873623,2,0.8,2
134,Who is the Greek God of wine?,Dionysus,0,Dionysus,Dionysus,Dionysus,Dionysus,Dionysus,0.0,0.0,1.0,0.0,1,1.0,1
135,"Chequers, the Prime Minister's country residence, is in which English county?",Buckinghamshire,0,Buckinghamshire,Buckinghamshire,Buckinghamshire,Cheshire,Buckinghamshire,0.5004024235381879,0.7219280948873623,0.2780719051126377,0.7219280948873623,2,0.8,2
136,"""Who is most likely to perform a """"pas de deux""""?""",Ballet dancer,1,Dancers,Dancers,Dancers,Dancers,Dancers,0.0,0.0,1.0,0.0,1,1.0,1
137,Which American General later President won the Battle of Horseshoe Bend?,ANDREW JACKSON,0,Andrew Jackson,Andrew Jackson,Andrew Jackson,Andrew Jackson,Andrew Jackson,0.0,0.0,1.0,0.0,1,1.0,1
138,Which amendment to the U.S. Constitution ended slavery?,13th,1,Thirteenth Amendment,Thirteenth Amendment,Thirteenth Amendment,Thirteenth Amendment,Thirteenth Amendment,0.0,0.0,1.0,0.0,1,1.0,1
139,Who played Nick Fury in the made for TV movie of the same name?,David Hasselhoff,1,Samuel L. Jackson,Samuel L. Jackson,Samuel L. Jackson,Sam Rockwell,Samuel L. Jackson,0.5004024235381879,0.7219280948873623,0.2780719051126377,0.7219280948873623,2,0.8,2
140,Who was the first female singer with two UK million selling singles?,CELINE DION,1,Helen Shapiro,Liz Hurlock,Dusty Springfield,Alison Brie Isley,Annie Lennox,1.6094379124341005,1.0,0.0,1.0,5,0.2,5
141,In which sport did Dave Prowse ('Darth Vader') represent England at the 1962 Commonwealth Games?,WEIGHTLIFTING,1,Weightlifting,Weightlifting,Bodybuilding,Weightlifting,Weightlifting,0.5004024235381879,0.7219280948873623,0.2780719051126377,0.7219280948873623,2,0.8,2
142,What was the original UK name of the chocolate bar which de-anglicised its name in 2006?,Dime,1,Crunchie,Yorkie,Toblerone,KitKat,KitKat,1.3321790402101223,0.9609640474436812,0.039035952556318754,0.9609640474436812,4,0.4,4
143,Whirligig and Longhorn are types of which creature?,BEETLE,1,Beetle,Beetle,Beetles,Butterflies,Beetle,0.9502705392332347,0.8649735207179272,0.1350264792820728,0.8649735207179272,3,0.6,3
144,"Pearl Roundabout was the scene of political protests during 2011, in which country is it?",Bahrain,0,Bahrain,Bahrain,Bahrain,Bahrain,Bahrain,0.0,0.0,1.0,0.0,1,1.0,1
145,The Costa Smeralda (or Emerald Coast) is a feature of which Mediterranean island?,SARDINIA,0,Sardinia,Sardinia,Sardinia,Sardinia,Sardinia,0.0,0.0,1.0,0.0,1,1.0,1
146,Who was the mother of King Henry VI of England ?,CATHERINE OF VALOIS,1,Margaret of Anjou,Margaret of Anjou,Margaret of Anjou,Margaret of Anjou,Margaret of Anjou,0.0,0.0,1.0,0.0,1,1.0,1
147,Which French king was the husband of Marie Antoinette?,King Louis XVI,1,Louis XVI,Louis XVI,Louis XVI,Louis XVI,Louis XVI,0.0,0.0,1.0,0.0,1,1.0,1
148,"""""""The Last Man In Europe"""" was the working title of which novel?""",1984,1,The Sun Also Rises,Heart of Darkness,Heart of Darkness,The Count of Monte Cristo,The Drowned World,1.3321790402101223,0.9609640474436812,0.039035952556318754,0.9609640474436812,4,0.4,4
149,Tataouine in Tunisia was the setting for many scenes in the movies of which blockbuster franchise?,Star Wars franchise,1,Tomb Raider,Skyfall,Mad Max franchise,Mad max franchise,Mad Max,0.9502705392332347,0.8649735207179272,0.1350264792820728,0.8649735207179272,3,0.6,4
150,Edward Fairfax Rochester is a character in which 19th century novel?,JANE EYRE,0,Jane Eyre,Jane Eyre,Jane Eyre,Jane Eyre,Jane Eyre,0.0,0.0,1.0,0.0,1,1.0,1
151,The Inverted Jenny depicts an upside down plane and is worth almost a million dollars. What is it?,a Stamp,1,Postage stamp,Postage stamp,Aviation stamp,Wright flyer,Airplane stamp,1.0549201679861442,0.9602297178607612,0.03977028213923883,0.9602297178607612,3,0.4,4
152,What is the name of the wizard who runs the Hogwarts School of Witchcraft and Wizardry in the Harry Potter books and films?,Dumbledore,1,Albus Dumbledore,Albus Dumbledore,Albus Dumbledore,Albus Dumbledore,Albus Dumbledore,0.0,0.0,1.0,0.0,1,1.0,1
153,Newport on the Isle of Wight stands on which river?,The Medina,1,River Medina,River Medina,River Medina,Rivers Nore,Stenore River,0.9502705392332347,0.8649735207179272,0.1350264792820728,0.8649735207179272,3,0.6,3
154,"Officially designated the M9, what was the unofficial name of the shoulder fired rocket deployed by US soldiers during WWII?",Bazooka,0,bazooka,Bazooka,Mortar,Bazooka,Thermite,0.9502705392332347,0.8649735207179272,0.1350264792820728,0.8649735207179272,3,0.6,3
155,"What is claimed to be the fastest bird in level flight, (though its record is in dispute from supporters of the White-throated Needletail)?",Red-breasted Merganser,1,White-throated Needletail,White-throated Needletail,White-throated Needletail,White-throated Needletail,White-throated Needletail,0.0,0.0,1.0,0.0,1,1.0,1
156,Who along with Philips developed the CD in the late 70s?,Sony,0,Morton,Ian Woodbury,Riccardo Scaife,CBS,James M. Nordhoff,1.6094379124341005,1.0,0.0,1.0,5,0.2,5
157,"Shrimps, barnacles, scorpions, spiders, etc., all belong to which phylum?",Arthropods,1,Arthropoda,Arthropoda,Arthropoda,Arthropoda,Arthropoda,0.0,0.0,1.0,0.0,1,1.0,1
158,Colomba Pasquale (or Easter Dove) is a traditional Easter cake which originated from which country?,Italy,0,Italy,Italy,Italy,Italy,Italy,0.0,0.0,1.0,0.0,1,1.0,1
159,Who wrote the play Arms and the Man?,GEORGE BERNARD SHAW,0,George Bernard Shaw,George Bernard Shaw,George Bernard Shaw,George Bernard Shaw,George Bernard Shaw,0.0,0.0,1.0,0.0,1,1.0,1
160,"""The first rule of fight club is you do not talk about fight club"". What is the second rule?",You DO NOT talk about Fight Club!,1,"None Given the instruction provided, the question does not contain a second rule for ""Fight Club"". The given text is the first rule. The format requires",You will not talk about the first rule.,"None Given the context of ""Fight Club"", it's known that the rules are a recurring joke, but there isn't a second rule in the actual",None,None,1.3321790402101223,0.9609640474436812,0.039035952556318754,0.9609640474436812,4,0.4,4
161,What is the chemical symbol for sodium,Na,0,Na,Na,Na,Na,Na,0.0,0.0,1.0,0.0,1,1.0,1
162,What type of creature is a lumpsucker?,Fish,0,Fish,Fish,Fish,Fish,Fish,0.0,0.0,1.0,0.0,1,1.0,1
163,In which sport is the Uber Cup presented?,Badminton,0,Badminton,Badminton,Badminton,Badminton,Badminton,0.0,0.0,1.0,0.0,1,1.0,1
164,"In humans, the right lung is divided into how many lobes?",Three,1,3,3,3,3,3,0.0,0.0,1.0,0.0,1,1.0,1
165,Harrisburg is the capital of which US state?,Pennsylvania,0,Pennsylvania,Pennsylvania,Pennsylvania,Pennsylvania,Pennsylvania,0.0,0.0,1.0,0.0,1,1.0,1
166,"Vanessa Vankorn represented Thailand in a skiing event at the 2014 Winter Olympic Games, under what professional name is she better known?",Vanessa-Mae,1,Snow White Vankorn,Vankorn,Vankorn,Vankorn,Vankorn Vanakorn,0.5004024235381879,0.7219280948873623,0.2780719051126377,0.7219280948873623,2,0.8,3
167,Which was the first National Park in the United States of America?,YELLOWSTONE,1,Yellowstone National Park,Yosemite National Park,Yellowstone National Park,Yellowstone National Park,Yellowstone National Park,0.5004024235381879,0.7219280948873623,0.2780719051126377,0.7219280948873623,2,0.8,2
168,Which English city is the setting for the film 'East Is East'?,SALFORD,1,London,Birmingham,London,Liverpool,Birmingham,1.0549201679861442,0.9602297178607612,0.03977028213923883,0.9602297178607612,3,0.4,3
169,What city was the sewerage system built by Sir Joseph Bazalgette in the late 19th century designed to serve?,"London, UK",1,London,London,London,London,London,0.0,0.0,1.0,0.0,1,1.0,1
170,What is the currency of Malaysia?,RINGGIT,0,Ringgit,Ringgit,Ringgit,Ringgit,Malaysian Ringgit,0.5004024235381879,0.7219280948873623,0.2780719051126377,0.7219280948873623,2,0.8,2
171,How are Felix Ungar and Oscar Madison described in the title of a play by Neil Simon?,THE ODD COUPLE,1,mismatched,mismatched,gay couple,mismatched,matched pairs,0.9502705392332347,0.8649735207179272,0.1350264792820728,0.8649735207179272,3,0.6,3
172,In which town or city is the University of Abertay?,Dundee,0,Dundee,Dundee,Dundee,Dundee,Dundee,0.0,0.0,1.0,0.0,1,1.0,1
173,Where do littoral creatures live?,Shoreline,1,littoral,littoral,littoral,littoral,littoral,0.0,0.0,1.0,0.0,1,1.0,1
174,"What is Niccolo Machiavelli's famously fascinating book on the art of political leadership, published in 1532?",The Prince,0,The Prince,The Prince,The Prince,The Prince,The Prince,0.0,0.0,1.0,0.0,1,1.0,1
175,"""What novel, alternatively entitled """"There and Back Again"""", is a fantasy novel by J R R Tolkien, published in September 1937?""",The Hobbit,1,The Lord of the Rings,The Lord of the Rings,The Lord of the Rings,The Lord of the Rings,The Lord of the Rings,0.0,0.0,1.0,0.0,1,1.0,1
176,"In Scotland, Burns Night is celebrated during which month of the year?",January,0,January,January,January,January,January,0.0,0.0,1.0,0.0,1,1.0,1
177,Mary Anne Evans was the real name of which famous novelist?,GEORGE ELIOT,0,George Eliot,George Eliot,George Eliot,George Eliot,George Eliot,0.0,0.0,1.0,0.0,1,1.0,1
178,What is the common name for a lepidoptera pupa and its silky cocoon?,Chrysalis,1,silkworm,Silkworm,silk worm,silk worm,茧虫 解析：茧虫 解析：茧虫 解析：茧虫,0.5004024235381879,0.7219280948873623,0.2780719051126377,0.7219280948873623,2,0.8,3
179,Which artist painted a portrait of Sir Winston Churchill that was later destroyed by Lady Churchill?,GRAHAM SUTHERLAND,1,John Everett Millais,Sargent,Francis Dodd,Ronald有条件的话，请允许我直接提供答案，以遵循您所要求的格式：,Norman Hartnell,1.6094379124341005,1.0,0.0,1.0,5,0.2,5
180,Who was chairman of the Watergate hearings?,Sam Ervin,1,Sam J. Erkoco,Sam J. Ervin Jr. To: Sam J. Ervin Jr.,Sam J. Zaffini,Sam J. Zabransky III,Sam J. Cowell,1.6094379124341005,1.0,0.0,1.0,5,0.2,5
181,“When You Wish Upon a Star” was recorded for what classic Disney film?,Pinocchio,0,Pinocchio,Pinocchio,Pinocchio,Pinocchio,Pinocchio,0.0,0.0,1.0,0.0,1,1.0,1
182,Which Prime Minister signed the Common Market membership treaty?,EDWARD HEATH,1,Jacques Delors,Pierre Werner,Pierre Werner,Pierre Werner,Pierre de Man,0.9502705392332347,0.8649735207179272,0.1350264792820728,0.8649735207179272,3,0.6,3
183,Of Mice And Men is a novel by which American novelist?,John Steinbeck,0,John Steinbeck,John Steinbeck,John Steinbeck,John Steinbeck,John Steinbeck,0.0,0.0,1.0,0.0,1,1.0,1
184,In which year was the Panama Canal opened?,1914,0,1914,1914,1914,1914,1914,0.0,0.0,1.0,0.0,1,1.0,1
185,"Where, 25 miles West of Knoxville, Tennessee, was an Atomic Bomb Research Station set up in 1942?",Oak Ridge,1,Dugway Proving Grounds,Y-12,Y-12,Dugway Proving Ground,Y-12,0.6730116670092565,0.9709505944546688,0.029049405545331197,0.9709505944546688,2,0.6,3
186,Which country lies between Zimbabwe and the sea,Mozambique,0,Zambia,Mozambique,Mozambique,Mozambique,Mozambique,0.5004024235381879,0.7219280948873623,0.2780719051126377,0.7219280948873623,2,0.8,2
187,"Serbian Pule cheese, said to be the world's most expensive is made from the milk of what animal",Donkey,1,Cow,goat,goat,cow,Cow,0.6730116670092565,0.9709505944546688,0.029049405545331197,0.9709505944546688,2,0.6,2
188,Hamelin is on which river?,Weser,1,Eider,Rhine,Aisne,Rhine,Weser,0.9502705392332347,0.8649735207179272,0.1350264792820728,0.8649735207179272,3,0.6,4
189,Henrietta Maria was the French wife of which British monarch?,King Charles I,1,Charles I,Charles I,Charles I,Charles I,Charles I,0.0,0.0,1.0,0.0,1,1.0,1
190,With which athletics field event is Jan Zelezny associated?,Javelin,1,high jump,High jump,high jump,high jump,high jump,0.0,0.0,1.0,0.0,1,1.0,1
191,What is the name of the effect that deflects winds and currents as a result of the Earth's rotation?,The Coriolus Effect,1,Coriolis effect,Coriolis effect,Coriolis effect,Coriolis effect,Coriolis effect,0.0,0.0,1.0,0.0,1,1.0,1
192,"""In which Shakespeare comedy does 'Theseus' speak the opening line: """"Now fair Hippolyta, our nuptial hour draws apace""""?""",'A MIDSUMMER NIGHT'S DREAM',0,A Midsummer Night's Dream,A Midsummer Night's Dream,A Midsummer Night's Dream,A Midsummer Night's Dream,A Midsummer Night's Dream,0.0,0.0,1.0,0.0,1,1.0,1
193,William Howard Russell became famous as what during the Crimean War?,War Correspondent,0,war correspondent,war correspondent,war correspondent,war correspondent,war correspondent,0.0,0.0,1.0,0.0,1,1.0,1
194,The global collection of what is stored in a vault in Svalbard on the Norwegian island of Spitsbergen?,Seeds,1,DNA,The global collection of what is stored in a vault in Svalbard on the Norwegian island of Spitsbergen? Answer: DNA,DNA,DNA,The global collection of DNA is stored in a vault in Svalbard on the Norwegian island of Spitsbergen.,0.9502705392332347,0.8649735207179272,0.1350264792820728,0.8649735207179272,3,0.6,3
195,Which Scottish loch is the largest in area?,Loch Lomond,0,Loch Lomond,Loch Lomond,Loch Lomond,Loch Lomond,Loch Lomond,0.0,0.0,1.0,0.0,1,1.0,1
196,"What is the surname of Aleksandr, the chief meerkat in the comparethemarket.com ads?",Orlov,1,Sviridov,Meerkat,Meerkat,Seregin,Meerkat,0.9502705392332347,0.8649735207179272,0.1350264792820728,0.8649735207179272,3,0.6,3
197,"What Swiss psychologist conceived 'extraversion' and 'introversion', and personality tendencies of intuition, sensing, feeling and thinking?",Carl Jung,0,Carl Jung,Carl Jung,Carl Jung,Carl Jung,Carl Jung,0.0,0.0,1.0,0.0,1,1.0,1
198,"""In the USA between 1852 and 1883, who were Reelfoot Williams, Tom Bell, Rattlesnake Dick and Charles Bolles (a.k.a. """"Black Bart"""")?""",Stagecoach robbers,1,Outlaws,Outlaws,outlaws,Outlaws,outlaws,0.0,0.0,1.0,0.0,1,1.0,1
199,"In 2003, which planet passed 55.76 million km from earth, the closest since the Stone Age?",Mars,0,Mars,Venus,Mars,Mars,Mercury,0.9502705392332347,0.8649735207179272,0.1350264792820728,0.8649735207179272,3,0.6,3
200,Six of the world's top ten highest waterfalls are in which country?,NORWAY,1,Nicaragua,Peru,Nepal,Peru,Indonesia,1.3321790402101223,0.9609640474436812,0.039035952556318754,0.9609640474436812,4,0.4,4
201,What was the name for a form of stencil duplicator used for making numerous copies of a document?,Mimeograph,1,Photocopier,Xerography,Duplicator,Xerox,Photocopier,1.0549201679861442,0.9602297178607612,0.03977028213923883,0.9602297178607612,3,0.4,4
202,What links the ship Dr Crippen was caught on in 1910 and a coastal resort town in Scotland?,Montrose,1,Pentland Firth,Torry Bars,HMS Caroline,Clydebank,Loch Lomond,1.6094379124341005,1.0,0.0,1.0,5,0.2,5
203,Which pair of time travellers declared Joan of Arc was the wife of Noah?,Bill and Ted,1,Richard and Duquesne,Richard Harrison and Michael O'Herlihy,Baudry and Lefèvre,Robert Graves and Rachel Brown Graves,Mary Renault and Victor Hugo,1.6094379124341005,1.0,0.0,1.0,5,0.2,5
204,In which sea is the Great Barrier Reef?,Coral Sea,1,Indian Ocean,Pacific Ocean,Indian Ocean,Indian Ocean,Coral Sea,0.9502705392332347,0.8649735207179272,0.1350264792820728,0.8649735207179272,3,0.6,3
205,"Which large-flowered plant is named after Paeon/Paean, Greek god of medicine and healing?",Peony,1,Paeonia,Paeonia,Paeonia,Paeonia,Paeonia,0.0,0.0,1.0,0.0,1,1.0,1
206,In which American state is Martha's Vineyard,Massachusetts,0,Massachusetts,Massachusetts,Massachusetts,Massachusetts,Massachusetts,0.0,0.0,1.0,0.0,1,1.0,1
207,the Naked Civil Servant starred which character?.,Quentin Crisp,1,Charlie Kenton,Jamie Page,Jack Hanna,Freddie Foreman,Jamie Lambert,1.6094379124341005,1.0,0.0,1.0,5,0.2,5
208,Rugby league. Which European Super League team are known as the ‘Giants’?,Huddersfield,1,Hull FC,Warrington Wolves,Warrington Wolves,Wigan Warriors,Warrington Wolves,0.9502705392332347,0.8649735207179272,0.1350264792820728,0.8649735207179272,3,0.6,3
209,Who was the beautiful sister of the twins Castor and Pollux and mother to Hermione?,Helen of Troy,1,Helen of Troy,Leiriope,Helena,Leukostrate,Helen of Troy,1.3321790402101223,0.9609640474436812,0.039035952556318754,0.9609640474436812,4,0.4,4
210,"What disease claimed the life of notorious American gangster, Al Capone?",SYPHILIS,1,Hepatitis,Hepatitis C,Hepatitis C,Hepatitis,Hepatitis C,0.6730116670092565,0.9709505944546688,0.029049405545331197,0.9709505944546688,2,0.6,2
211,"In the sitcom Terry and June, what was the title characters surname?",Medford,1,June,June,June,Turner,June,0.5004024235381879,0.7219280948873623,0.2780719051126377,0.7219280948873623,2,0.8,2
212,"Also known as mother's ruin, which alcoholic drink is distilled from juniper berries?",Gin,0,Gin,Gin,Gin,Gin,Gin,0.0,0.0,1.0,0.0,1,1.0,1
213,"Which BAFTA award winning British drama series follows the work of a group of MI5 intelligence officers based at the service's Thames House headquarters, in a highly secure suite of offices known as 'The Grid'?",'SPOOKS',1,The Bridge,The Bridge,The Bridge,The Bridge,Spooks,0.5004024235381879,0.7219280948873623,0.2780719051126377,0.7219280948873623,2,0.8,2
214,On what material was the Mona Lisa painted?,Poplar Wood,1,Oil paint,Canvas,Leonardo da Vinci painted the Mona Lisa on a dryewood panel. Mona Lisa is also known as La Joconde. The panel used in Leonardo's painting,Painted on wood.,Oil paint,1.3321790402101223,0.9609640474436812,0.039035952556318754,0.9609640474436812,4,0.4,4
215,Which astronomer proposed the theory of the expanding universe?,Edwin Hubble,0,Edwin Hubble,Edwin Hubble,Edwin Hubble,Edwin Hubble,Edwin Hubble,0.0,0.0,1.0,0.0,1,1.0,1
216,What nation is scheduled to host the 2022 World Cup?,Qatar,0,Qatar,Qatar,Qatar,Qatar,Qatar,0.0,0.0,1.0,0.0,1,1.0,1
217,Who was the Republican candidate who lost the Presidential election to Barack Obama in 2012?,Mitt Romney,1,John McCain,John McCain,John McCain,John McCain,Mitt Romney,0.5004024235381879,0.7219280948873623,0.2780719051126377,0.7219280948873623,2,0.8,2
218,Which type of spaniel takes its name from a stately home in Nottinghamshire?,Clumber,1,Bedlington,Clumber Spaniel,Clumber Spaniel,Bedlington,Clumber,1.0549201679861442,0.9602297178607612,0.03977028213923883,0.9602297178607612,3,0.4,3
219,"Which island in the Inner Hebrides became a burial place for several kings of Scotland, Ireland and Norway?",IONA,1,Mull,Eigg,Staffa,Skye,Eigg,1.3321790402101223,0.9609640474436812,0.039035952556318754,0.9609640474436812,4,0.4,4
220,"""During World War II, in north Africa, who was known as """"The Desert Fox""""?""",Erwin Rommel,1,Rommel,Rommel,Rommel,Rommel,Albert Werner von Knobelsdorf,0.5004024235381879,0.7219280948873623,0.2780719051126377,0.7219280948873623,2,0.8,2
221,"Which scientist was the first, in 1888, to demonstrate the existence of electromagnetic waves?",(Heinrich Rudolf) HERTZ,1,Heinrich Hertz,Heinrich Hertz,Heinrich Hertz,Heinrich Hertz,Heinrich Hertz,0.0,0.0,1.0,0.0,1,1.0,1
222,"""Who hosted the travel programmes """"Around the World in 80 Days"""" (1989), """"Pole to Pole"""" (1992), """"Full Circle"""" (1997), and """"Hemingway Adventure"""" (1999)?""",Michael Palin,1,Bill Compton,David Owen,Bill Nye,Clive Anderson,Peter Mayhew,1.6094379124341005,1.0,0.0,1.0,5,0.2,5
223,"""What best-selling book was orginally a work of """"Twilight"""" fan fiction?""",Fifty Shades of Grey,1,Forks Over Knives,Forks Over Knives,"""Fifty Shades of Grey""",Forks Above All,"""Fifty Shades of Grey""",1.0549201679861442,0.9602297178607612,0.03977028213923883,0.9602297178607612,3,0.4,3
224,What is the worlds most common blood type?,Type O,1,O+ The shortest correct answer is: O+ The shortest correct answer is: O+,O+ AB,O,O+,O+ Blood type is the most common blood type in the world. O+,0.9502705392332347,0.8649735207179272,0.1350264792820728,0.8649735207179272,3,0.6,4
225,Which constellation features on the flag of Papua New Guinea?,Southern Cross,1,HAWKINS,HOBYS,Haida,HAWHAN,Milkomeda,1.3321790402101223,0.9609640474436812,0.039035952556318754,0.9609640474436812,4,0.4,5
226,Which Canadian/American novelist won the Nobel Prize for Literature in 1976?,SAUL BELLOW,0,Alice Munro,Margaret Atwood,Margaret Atwood,Saul Bellow,Robertson Davies,1.3321790402101223,0.9609640474436812,0.039035952556318754,0.9609640474436812,4,0.4,4
227,‘Duck and dive’ represents which number in the game of Bingo?,25,1,Five,Five,Five,Five,Four,0.5004024235381879,0.7219280948873623,0.2780719051126377,0.7219280948873623,2,0.8,2
228,In which Asian country is the resort of Pattaya?,Thailand,0,Thailand,Thailand,Thailand,Thailand,Thailand,0.0,0.0,1.0,0.0,1,1.0,1
229,How many players are on the court in a korfball team?,Eight,1,7,7,7,7,7,0.0,0.0,1.0,0.0,1,1.0,1
230,Who succeeded Trajan as Roman Emperor in 117 AD,Hadrian,0,Hadrian,Antoninus Pius,Hadrian,Hadrian,Hadrian,0.0,0.0,1.0,0.0,1,1.0,2
231,Which former ‘TOWIE’ star thought that Ebola virus was the name of a pop group?,AMY CHILDS,1,Tanya Dyer,Tiffany Dinnage,Tessa Frances,Tessa Blackstock,Tessa Thompson,1.6094379124341005,1.0,0.0,1.0,5,0.2,5
232,Which country ended its combat role in Iraq on 1 June 2008 with the withdrawal of its 500 troops from Nasiriyah?,Australia,1,United States,United States,United States,United States,United States,0.0,0.0,1.0,0.0,1,1.0,1
233,"Which country is bordered by Georgia to the north, Turkey to the west and Azerbaijan to the east?",ARMENIA,1,Azerbaijan,Azerbaijan,Azerbaijan,Armenia,Azerbaijan,0.5004024235381879,0.7219280948873623,0.2780719051126377,0.7219280948873623,2,0.8,2
234,The Jigsaw Serial Killer is a fictional character in which series of horror films?,Saw,1,Friday the 13th,Saw,The Texas Chainsaw Massacre series,Evil Dead,The Texas Chainsaw Massacre,1.3321790402101223,0.9609640474436812,0.039035952556318754,0.9609640474436812,4,0.4,5
235,Who was captain of the England men's cricket team during the 2015 One Day International World Cup?,Eoin) MORGAN,0,Eoin Morgan,Eoin Morgan,Eoin Morgan,Joe Root,Eoin Morgan,0.5004024235381879,0.7219280948873623,0.2780719051126377,0.7219280948873623,2,0.8,2
236,What number Star Trek movie was called The Wrath of Khan?,II,1,5th,5th,4th,5th,4th,0.6730116670092565,0.9709505944546688,0.029049405545331197,0.9709505944546688,2,0.6,2
237,Where is the volcano Olympus Mons?,On Mars,1,Mars,Mars,Mars,Mars,Mars,0.0,0.0,1.0,0.0,1,1.0,1
238,What is the name of the Government laboratory at the centre of the outbreak of foot and mouth disease in 2007?,PIRBRIGHT,1,Pirbright Institute,Pirbright Institute,Pirbright Institute,Pirbright Institute,Pirbright Institute,0.0,0.0,1.0,0.0,1,1.0,1
239,"Medicine: What is a patient suffering from, based on the following description - Partial or complete blockage of a blood vessel by a blood clot?",THROMBOSIS,0,Thrombosis,Thrombosis,Thrombosis,Thrombosis,Thrombosis,0.0,0.0,1.0,0.0,1,1.0,1
240,"Which European country is often referred to as ‘The Hexagon’,  because of its geometric shape?",France,0,France,France,France,France,France,0.0,0.0,1.0,0.0,1,1.0,1
241,Which is the only letter of the alphabet that does not appear in the name of any of the states of America?,Q,1,Z,Z,Z,Z,Z,0.0,0.0,1.0,0.0,1,1.0,1
242,What is the symbol for a fifth wedding anniversary?,Wood,1,V,V,V,V,V,0.0,0.0,1.0,0.0,1,1.0,1
243,In which US state did Bill Gates found Microsoft in April 1975?,New Mexico,1,Washington,Washington,Washington State,Washington,Washington State,0.0,0.0,1.0,0.0,1,1.0,2
244,Who became Vice-President of the USA in December 1973?,Gerald Ford,0,Gerald Ford,Gerald Ford,Gerald Ford,Gerald Ford,Gerald Ford,0.0,0.0,1.0,0.0,1,1.0,1
245,Which 80s sitcom starred Penelope Wilton as Ann Bryce and Peter Egan as Paul Ryman?,EVER DECREASING CIRCLES,1,Dad's Army,Dad's Army,Dad's Army,Dad's Army,Perfect Strangers,0.5004024235381879,0.7219280948873623,0.2780719051126377,0.7219280948873623,2,0.8,2
246,"July 2, 1961 saw Nobel Prize winner Ernest Hemingway commit suicide at his farm in Ketchum in what state?",Idaho,1,Florida,Florida,Florida,Florida,Florida,0.0,0.0,1.0,0.0,1,1.0,1
247,'II Dolce' refers to what in an Italian restaurant?,Dessert,0,dessert,dessert,dessert,dessert,dessert,0.0,0.0,1.0,0.0,1,1.0,1
248,Who was the 'father of medicine' to whom a code of medical ethics is attributed and which bears his name?,Hippocrates,0,Hippocrates,Hippocrates,Hippocrates,Hippocrates Hippocrates Hippocrates Hippocrates Hippocrates Hippocrates Hippocrates Hippocrates Hippocrates Hippocrates Hippocrates Hippocrates Hippocrates Hippocrates Hippocrates,Hippocrates,0.0,0.0,1.0,0.0,1,1.0,2
249,Which planet when discovered was originally called the Georgian planet?,URANUS,0,Uranus,Uranus,Uranus,Uranus,Uranus,0.0,0.0,1.0,0.0,1,1.0,1
250,Which North Sea port lies at the mouth of the Riyer Esk?,WHITBY,1,Hull,Hull,Hull,Lerwick,Hull,0.5004024235381879,0.7219280948873623,0.2780719051126377,0.7219280948873623,2,0.8,2
251,The American Football Super Bowl final in 2012 is branded by what Roman numerals?,XLVI,1,XLII,XLIV,XLII,XLII,XLII,0.5004024235381879,0.7219280948873623,0.2780719051126377,0.7219280948873623,2,0.8,2
252,Goat Fell is the name of hole number 8 on the Ailsa Course at which Open Championship Golf venue?,TURNBERRY,1,St Andrews,St Andrews,St Andrews Golf Course,St Andrews,St Andrews,0.5004024235381879,0.7219280948873623,0.2780719051126377,0.7219280948873623,2,0.8,2
253,Sabena Airlines was the national airline of which European country 1923 – 2001?,Belguim,1,Belgium,Belgium,Belgium,Belgium,Belgium,0.0,0.0,1.0,0.0,1,1.0,1
254,Cardinal Richelieu served as chief minister to which French king?,LOUIS XIII,0,Henry IV,Henry IV,Charles IX,Henry IV Henry III Henry IV Charles IX Charles IX Henry III Henry IV Charles X Henry IV,Henry III,0.9502705392332347,0.8649735207179272,0.1350264792820728,0.8649735207179272,3,0.6,4
255,The National Motor Museum is in which English county?,Hampshire,1,Devon,Devon,Devon,Devon,Devon,0.0,0.0,1.0,0.0,1,1.0,1
256,Which aircraft company manufactured the Spitfire?,Supermarine,1,Rolls-Royce,Rolls-Royce,Rolls-Royce,Rolls-Royce,Rolls-Royce,0.0,0.0,1.0,0.0,1,1.0,1
257,Yellowstone National Park is located in which US state?,Wyoming,0,Wyoming,Wyoming,Wyoming,Wyoming,Wyoming,0.0,0.0,1.0,0.0,1,1.0,1
258,"In November, which film (full title) broke UK box office records; Biggest 3-day opening, biggest single day in ticket sales and biggest Friday, Saturday & Sunday openings?",Harry Potter and the Deathly Hallows: Part 1,1,Extraction,Paddington 2,Paddington 2,Extraction (The回报) 答案：Extraction 答案：Extraction,Paddington 2,0.9502705392332347,0.8649735207179272,0.1350264792820728,0.8649735207179272,3,0.6,3
259,Tavel and Hermitage wines are produced in which French wine growing area?,RHONE VALLEY,1,Provence,Bordeaux,Provence,Rhône Valley,Bordeaux,1.0549201679861442,0.9602297178607612,0.03977028213923883,0.9602297178607612,3,0.4,3
260,What famous building did John Nash rebuild in 1825?,Buckingham Palace,1,The Royal Opera House,Grosvenor House,Grosvenor House,St. Mary-le-Bow Church,Grosvenor House,0.9502705392332347,0.8649735207179272,0.1350264792820728,0.8649735207179272,3,0.6,3
261,Sastrugi are parallel wave-like ridges caused by winds on the surface of what?,Snow,0,Snow,Snow,Snow,冰雪覆盖的地面,Ice,0.9502705392332347,0.8649735207179272,0.1350264792820728,0.8649735207179272,3,0.6,3
262,"""What Arabic word means """"struggle"""" but is often interpreted as """"Holy War""""?""",Jihad,0,jihad,jihad,Jihad,Jihad,Jihad,0.0,0.0,1.0,0.0,1,1.0,1
263,"In the human body, a set of well-developed abdominal muscles is known as a ‘What’…pack’?",Six,1,Abdominal pack,Abdominal pack,Abdominal pack,Abdominal pack.,Abdominal pack,0.0,0.0,1.0,0.0,1,1.0,1
264,Which city hosted the 2010 Paralympic Games?,Vancouver,1,Beijing,Beijing,London,Beijing,Beijing,0.5004024235381879,0.7219280948873623,0.2780719051126377,0.7219280948873623,2,0.8,2
265,"Which river rises in the Massif Centrale, flows north and east to enter the Bay of Biscay at St. Nazaire?",LOIRE,1,Dordogne,Dordogne,Loire,Loire,Dordogne,0.6730116670092565,0.9709505944546688,0.029049405545331197,0.9709505944546688,2,0.6,2
266,Which clothing fabric is named after a town in southern France?,Denim,1,Melton wool,Melton,Beauvaisine,Terry towelling,Cashmere,1.6094379124341005,1.0,0.0,1.0,5,0.2,5
267,Thermodynamics is the study of what?,Heat,1,"Thermodynamics is the study of heat and temperature and their relation to energy, work, heat, and energy transfer.","Thermodynamics is the study of energy transformations and their relation to temperature, heat, work, energy, and energy density.",Thermodynamics is the study of energy and its transformations.,Thermodynamics is the study of heat and energy.,Thermodynamics is the study of heat and energy.,1.3321790402101223,0.9609640474436812,0.039035952556318754,0.9609640474436812,4,0.4,4
268,What is the scientific name for the tube connecting the mouth with the stomach?,Oesophagus,1,Esophagus,Esophagus,Esophagus,Esophagus,Esophagus,0.0,0.0,1.0,0.0,1,1.0,1
269,What name is given to the external set of floral leaves or sepals in a flower?,Calyx,0,Calyx,tepals,Calyx,Perianth,Perianth,1.0549201679861442,0.9602297178607612,0.03977028213923883,0.9602297178607612,3,0.4,3
270,Which Irish author was Sir Henry Irving's business manager?,Bram Stoker,1,W. B. Yeats,W. B. Yeats,Oscar Wilde,George Moore,William Charles MacNaghten,1.3321790402101223,0.9609640474436812,0.039035952556318754,0.9609640474436812,4,0.4,4
271,"At a French McDonald's, what would they call a quarter pounder with cheese?",Royal Cheese,1,Le Moins Un Quatuor Avec Fromage Toqué,Petit quarter pounder avec fromage,Quarte de pound avec fromage McDonald's,Quatorze petons avec fromage,Quarte扒扒扒扒扒扒扒扒扒扒扒扒扒扒扒扒扒扒扒扒扒扒扒扒扒扒扒扒,1.6094379124341005,1.0,0.0,1.0,5,0.2,5
272,The metric prefix femto is shown as ten to the power of minus what?,15,0,-15,-15,-15,-15,-15,0.0,0.0,1.0,0.0,1,1.0,1
273,Petrography is the study of what?,Rocks,1,Petrography is the study of rocks.,Petrography is the study of rocks.,Petrography is the study of rocks.,Petrography is the study of rocks.,Petrography is the study of rocks.,0.0,0.0,1.0,0.0,1,1.0,1
274,Roger Moore first played James Bond in which film?,Live and Let Die,0,Live and Let Die,Live and Let Die,Live and Let Die,Live and Let Die,Live and Let Die,0.0,0.0,1.0,0.0,1,1.0,1
275,A two-wheeled self-powered and self-balancing vehilce unveiled in 2001 is called what?,Segway,0,Segway,Segway,Segway,Segway,Segway,0.0,0.0,1.0,0.0,1,1.0,1
276,"""""""Hale knew before he had been in Brighton three hours that they meant to murder him..."""" are the opening words to which Graham Greene novel?""",Brighton Rock,1,The Thin Red Line,The Thin Red Line,The Thin Red Line,The Heart of the Matter,The Thin Red Line,0.5004024235381879,0.7219280948873623,0.2780719051126377,0.7219280948873623,2,0.8,2
277,Petite Borgeoisie is an Anglicized French term referring to what traditional notion of social demographics class?,Lower Middle Class,0,Lower class,Lower middle class,Lower middle class,Bourgeoisie,Lower middle class,0.9502705392332347,0.8649735207179272,0.1350264792820728,0.8649735207179272,3,0.6,3
278,"The city of London in Ontario, Canada stands on which river?",The Thames,1,St. Clair River,St. Clair River,Thames River,Thames,Thames River,0.6730116670092565,0.9709505944546688,0.029049405545331197,0.9709505944546688,2,0.6,3
279,Munich is on which river?,Isar,0,Isar,Isar,Isar,Isar,Isar,0.0,0.0,1.0,0.0,1,1.0,1
280,"According to the Gospels of Matthew, Mark and Luke, who was compelled by the Romans to carry the cross of Jesus as he was taken to his crucifixion?",SIMON OF CYRENE,0,Roman soldiers,Simon of Cyrene,Simon of Cyrene,Roman soldier,Simon of Cyrene,0.6730116670092565,0.9709505944546688,0.029049405545331197,0.9709505944546688,2,0.6,3
281,Which (liquid) foodstuff has the chemical formula CH3COOH?,Vinegar,1,Acetic acid,Acetic acid,vinegar,Acetic acid,Vinegar,0.0,0.0,1.0,0.0,1,1.0,2
282,Who wrote the novel Evening Class?,Maeve Binchy,1,William Goldman,John Irving,Alexander McCall Smith,Peter Carey,Kazuo Ishiguro,1.6094379124341005,1.0,0.0,1.0,5,0.2,5
283,"""What is the first line of the speech by the 3 witches in Shakespeare's Macbeth that ends """"toil and trouble, fire burn and cauldron bubble""""?""",Double double,1,Meet us here on the eve of the third month.,"Curse thy life, thou body cursed with fourteen pounds of earth.","Curse thy n'erborn back! Toil and trouble, fire burn and cauldron bubble!","Beware Macbeth, that's the first line.",When rough beast,1.6094379124341005,1.0,0.0,1.0,5,0.2,5
284,Who was voted Time Magazine person of the century in 1999?,ALBERT EINSTEIN,1,Nelson Mandela,Nelson Mandela,Albert Einstein,Albert Einstein,Muhammad Ali,1.0549201679861442,0.9602297178607612,0.03977028213923883,0.9602297178607612,3,0.4,3
285,Which US President is depicted on a $50 banknote?,Ulysses S Grant,1,William McKinley,Benjamin Franklin,Andrew Jackson,Benjamin Franklin,Andrew Jackson,1.0549201679861442,0.9602297178607612,0.03977028213923883,0.9602297178607612,3,0.4,3
286,What is Decompression Sickness commonly called?,The Bends,0,The bends,The bends,The bends,Thebaine,Cauda Equina Syndrome,0.9502705392332347,0.8649735207179272,0.1350264792820728,0.8649735207179272,3,0.6,3
287,What sort of creature is a Malamute?,DOG,0,Dog,Dog,Dog,Dog,Dog,0.0,0.0,1.0,0.0,1,1.0,1
288,Which city links Haydn's symphony number 104 and Vaughan Williams' symphony number 2?,London,1,Prague,Prague,Vienna,Vienna,Prague,0.6730116670092565,0.9709505944546688,0.029049405545331197,0.9709505944546688,2,0.6,2
289,What is the name of the 'theme park' near Ripon in Yorkshire?,LIGHTWATER VALLEY,1,Ripley Thrill Park,Donington Park,Yorkshire Park,Thrillseekers Adventure Park,Whitby Abbey Theme Park,1.6094379124341005,1.0,0.0,1.0,5,0.2,5
290,"""Who directed the 2005 film """"Munich""""?""",Steven Spielberg,1,Ron Shelton,Ron Shelton,Denis Villeneuve,Steven Spielberg,Steven Spielberg,1.0549201679861442,0.9602297178607612,0.03977028213923883,0.9602297178607612,3,0.4,3
291,"In alphabetical order, what is the first US state?",Alabama,0,Alabama,Alaska,Alabama,Delaware,Alabama,0.9502705392332347,0.8649735207179272,0.1350264792820728,0.8649735207179272,3,0.6,3
292,In which year did the world’s first ‘expo’ the Great Exhibition in London take place?,1851,0,1851,1851,1851,1851,1851,0.0,0.0,1.0,0.0,1,1.0,1
293,Morbilli is the technical term for which childhood illness?,Measles,0,Measles,Measles,Morbilli is the technical term for measles.,Morbilli is the technical term for measles.,Measles,0.6730116670092565,0.9709505944546688,0.029049405545331197,0.9709505944546688,2,0.6,2
294,What endangered bird is the largest bird in North America?,California Condor,1,California Condor,California condor,Whooping crane,California condor,California condor,0.5004024235381879,0.7219280948873623,0.2780719051126377,0.7219280948873623,2,0.8,2
295,"According to Edward Lear, who went to sea in a sieve?",Jumblies,1,Edward Lear,Edward Lear,Edward Lear,Edward Lear,Edward Lear,0.0,0.0,1.0,0.0,1,1.0,1
296,"""Which composer, born in Pesaro in Italy in 1792, based his opera, """"The Barber of Seville"""" on the trilogy by French playwright, Pierre de Beaumarchais?""",ROSSINI,0,Rossini,Rossini,Rossini,Rossini,Rossini,0.0,0.0,1.0,0.0,1,1.0,1
297,What is the correct representation of the burger chain brand?,McDonald's,1,In-N-Out,In-n-out burger,Burger King,Wendy's,BURGER KING,1.3321790402101223,0.9609640474436812,0.039035952556318754,0.9609640474436812,4,0.4,4
298,The United Society of Believers in Christ's Second Appearing is also known as what?,SHAKERS,0,Shakers,Shakers,Shakers,Shakers,Shakers,0.0,0.0,1.0,0.0,1,1.0,1
299,In the Bible who put Daniel in the lions den?,King Darius,1,Darius,Darius,Darius,Darius,Darius,0.0,0.0,1.0,0.0,1,1.0,1
300,Which daughter of Agamemnon was sacrificed for a fair wind?,Iphigenia,0,Iphigenia,Iphigenia,Iphigenia,Iphigenia,Iphigenia,0.0,0.0,1.0,0.0,1,1.0,1
301,Who founded the Amazon website?,Jeff Bezos,0,Jeff Bezos,Jeff Bezos,Jeff Bezos,Jeff Bezos,Jeff Bezos,0.0,0.0,1.0,0.0,1,1.0,1
302,What is the trademarked name for the distinctive logo used Nike?,Swoosh,0,Swoosh,Swoosh,Swoosh,Swoosh,Swoosh,0.0,0.0,1.0,0.0,1,1.0,1
303,Which British singer released a 2003 album entitled ‘Life For Rent’?,Dido,1,Kylie Minogue,Beth Orton,Paolo Nutini,Elbow,Emeli Sandé,1.6094379124341005,1.0,0.0,1.0,5,0.2,5
304,How many masts does the vessel known as a Ketch have ?,TWO,1,2,2,2,2,2,0.0,0.0,1.0,0.0,1,1.0,1
305,"In the year 1636 during the Dutch Golden Age, what unlikely item became the fourth leading export after gin, herring and cheese causing a journalist to write a book Extraordinary Popular Delusions and the Madness of Crowds?",Tulip bulb,1,tulip bulbs,tulip bulbs,tulip,mirrors,tulip,1.0549201679861442,0.9602297178607612,0.03977028213923883,0.9602297178607612,3,0.4,3
306,Who suggested that Gordon Brown had transformed from Stalin to Mr Bean?,Vince Cable,1,Simon Heffer,Simon Cowell,Robert Peston,Anonymous,Chris Morris,1.6094379124341005,1.0,0.0,1.0,5,0.2,5
307,Robert Louis Stevenson's 1886 classic horror novel about split personality is called what?,The Strange Case of Dr Jekyll and Mr Hyde,1,Strange Case of Dr. Jekyll and Mr. Hyde,Strange Case of Dr. Jekyll and Mr. Hyde,Strange Case of Dr. Jekyll and Mr. Hyde,Strange Case of Dr. Jekyll and Mr. Hyde,Strange Case of Dr. Jekyll and Mr. Hyde,0.0,0.0,1.0,0.0,1,1.0,1
308,"On this date in 1927, Charles Lindbergh became the first pilot to fly solo across the Atlantic Ocean. Where did he land?",Paris,1,New York,St. Louis,Ireland,St. Nazaire,St. Nazaire,1.3321790402101223,0.9609640474436812,0.039035952556318754,0.9609640474436812,4,0.4,4
309,Which bean is the main flavour of the liqueur Tia Maria?,Coffee bean,1,dark,carambola,caturra,cayenne,cocoa,1.6094379124341005,1.0,0.0,1.0,5,0.2,5
310,"""Who was the other half of the Bouquet household, played by actor Clive Swift, in the UK TV comedy series """"Keeping Up Appearances""""?""",Richard,1,Geraldine Strange,Helen,Elizabeth Rattigan,Vivian Chalfon,Penelope Keith,1.6094379124341005,1.0,0.0,1.0,5,0.2,5
311,"Which US boxer, born February 1977, has the nickname ‘Pretty Boy’?",Floyd Mayweather Jr,0,Tyson,Floyd Mayweather Jr.,Evander Holyfield,Mike Tyson,"Timothy Francis ""Tim"" Bradley Jr.",1.6094379124341005,1.0,0.0,1.0,5,0.2,5
312,How many counters does each player have in a game of backgammon?,15,0,15,15,15,15,15,0.0,0.0,1.0,0.0,1,1.0,1
313,Maureen Cox was the first wife of which famous musical personality?,RINGO STARR,1,Chrissie Hynde,Kate Nash,Tina Turner,Darlene Love,Tina Turner,1.3321790402101223,0.9609640474436812,0.039035952556318754,0.9609640474436812,4,0.4,4
314,How many houses are there in a game of Monopoly?,32,1,28,28,22,28,25,0.9502705392332347,0.8649735207179272,0.1350264792820728,0.8649735207179272,3,0.6,3
315,"""Who appeared in her first film for 15 years, """"Monster In Law"""", in 2005?""",Jane Fonda,1,Diane Keaton,Maggie Gyllenhall,Sandra Bullock,Renée Zellweger,Diane Keaton,1.3321790402101223,0.9609640474436812,0.039035952556318754,0.9609640474436812,4,0.4,4
316,Whose portrait was painted by the fictional artist Basil Hallward?,DORIAN GRAY,1,Rossetti,Rosamund Boles-Wallace,Rossetti,Dorian Gray,Oscar Wilde,1.3321790402101223,0.9609640474436812,0.039035952556318754,0.9609640474436812,4,0.4,4
317,The volcano Hekla is on which island?,Iceland,0,Iceland,Iceland,Iceland,Iceland,Iceland,0.0,0.0,1.0,0.0,1,1.0,1
318,Stink 182 is a tribute band to which band?,Blink 182,1,Rage Against the Machine,Deftones,Ministry,Deftones,Stink 182 is a tribute band to Mötley Crue.,1.3321790402101223,0.9609640474436812,0.039035952556318754,0.9609640474436812,4,0.4,4
319,"""Who made the musical sculptures called """"Pythagoras"""", """"Kepler"""" & """"Galileo"""" that were installed between the tracks of Kendall Station in Cambridge, Massachusetts from 1987 to 2007?""",Paul Matisse,1,Robert W. Midura,Michael S. Smith,Daniel Buren,Daniel Rozin,Robert W. Fischler,1.6094379124341005,1.0,0.0,1.0,5,0.2,5
320,"Which American swing and jazz guitarist's single string technique combined with amplification, while with Benny Goodman's bands between 1939 and 1941, helped bring the guitar out of the rhythm section and into the forefront as a solo instrument?",Charlie Christian,1,Herb Ellis,Herb Ellis,Barney Bigard,Herb Ellis,Chuck Berry,0.9502705392332347,0.8649735207179272,0.1350264792820728,0.8649735207179272,3,0.6,3
321,What name is given to the stellar explosion caused when nuclear fusion within a massive star ceases and it suffers gravitational collapse?,(Super)Nova,1,Supernova,Supernova,supernova,Supernova,Supernova,0.0,0.0,1.0,0.0,1,1.0,1
322,"What was the capital of the Inca Empire from 1438 to 1532 which, at its peak, dominated a territory that included (from north to south) Ecuador, part of Colombia, the northern half of Chile, and the north-west part of Argentina, and (from west to east) from Bolivia to the Amazonian forests and Peru?",Cuzco,1,Cusco,Cusco,Cusco,Cusco,Cusco,0.0,0.0,1.0,0.0,1,1.0,1
323,Phil Collins played drums with which band?,Genesis,0,Genesis,Genesis,Genesis,Genesis,Genesis,0.0,0.0,1.0,0.0,1,1.0,1
324,The 'Battle of Trafalgar' took place in which year?,1805,0,1805,1805,1805,1805,1805,0.0,0.0,1.0,0.0,1,1.0,1
325,What is the text of an opera called?,Libretto,0,libretto,Libretto,libretto,Libretto,Libretto,0.0,0.0,1.0,0.0,1,1.0,1
326,What is the name of the target in a game of curling?,House,1,壶 (Hú) 网 (Gǎng) 石 (Shí) (Stone) 8 Answer: 网石,壶球,壶球赛中的目标是什么？壶,壶球中的目标是用什么名字？答案:壶球中的目标是用目标石 (Honko-teki na targetu wa yū,壶球 (Huqiu) 答案：壺球 (Huqiu) 答案：冰壶 (Hamu,1.6094379124341005,1.0,0.0,1.0,5,0.2,5
327,Broccoli and Cauliflower are members of which vegetable family?,BRASSICA,1,Brassicaceae,Brassicaceae,Brassica,Brassica,Brassicaceae,0.6730116670092565,0.9709505944546688,0.029049405545331197,0.9709505944546688,2,0.6,2
328,"""What does """"domo arigato"""" mean?""",Thank you very much,1,Thank you,Thank you,thank you,thank you,Thank you,0.0,0.0,1.0,0.0,1,1.0,1
329,"In relation to spiritual diety Pachamama, in 2011 Bolivia announced an new unusual Law of what?",Mother Earth,1,Pachamama,Pachamama,Pachamama,Pachamama,Ecology,0.5004024235381879,0.7219280948873623,0.2780719051126377,0.7219280948873623,2,0.8,2
330,How many humps would you find on a dromedary camel?,one,0,One,One,One,One,One,0.0,0.0,1.0,0.0,1,1.0,1
331,Which concert pianist became the first President of the Polish Republic in 1919?,Ignaz Jan Paderewski,1,Ignacy Jan Paderewski,Ignacy Jan Paderewski,Wojciech Grzegorz Bartoszewicz,Ignacy Jan Paderewski,Ignacy Jan Paderewski,0.5004024235381879,0.7219280948873623,0.2780719051126377,0.7219280948873623,2,0.8,2
332,"""In which specific TV series is there an Episode entitled """"A Fistful of Data's""""?""",Star Trek. The Next Generation,1,Star Trek: The Next Generation,Babylon 5,Fringe,Star Trek: Deep Space Nine,Star Trek: Deep Space Nine,1.3321790402101223,0.9609640474436812,0.039035952556318754,0.9609640474436812,4,0.4,4
333,What is the largest continent on Earth,Asia,0,Antarctica,Asia,Asia,Asia,Asia,0.5004024235381879,0.7219280948873623,0.2780719051126377,0.7219280948873623,2,0.8,2
334,"Actor and comedian, and half of a famous double-act, Arthur Stanley Jefferson was better known by which name?",Stan Laurel,1,Arthur Lowe,Stan Laurel,Stan Laurel,Laurel,Arthur Lowe,1.0549201679861442,0.9602297178607612,0.03977028213923883,0.9602297178607612,3,0.4,3
335,Which great battle between the Greeks and Persians took place in 490BC?,Battle of Marathon,0,Battle of Marathon,Battle of Marathon,Battle of Marathon,Battle of Marathon,Battle of Marathon,0.0,0.0,1.0,0.0,1,1.0,1
336,"In 1965, who became the first British driver to win the Indianapolis 500?",Jim Clark,1,Graham Hill,Graham Hill,Graham Hill,Denny Hulme,Graham Hill,0.5004024235381879,0.7219280948873623,0.2780719051126377,0.7219280948873623,2,0.8,2
337,What is the Paris Stock Exchange called?,LA BOURSE,1,Euronext Paris,Euronext Paris,Euronext Paris,Euronext Paris,Euronext Paris,0.0,0.0,1.0,0.0,1,1.0,1
338,Children's author Mrs Darrell Waters was better known under which name?,ENID BLYTON,1,Darrellle Waters,Darrell Walsh Waters,Darrellle Waters,Darrell,Darrell Walsh Waters,1.0549201679861442,0.9602297178607612,0.03977028213923883,0.9602297178607612,3,0.4,3
339,'.uk' is the network identifier for the United Kingdom. Which country uses the identifier '.jp'?,JAPAN,0,Japan,Japan,Japan,Japan,Japan,0.0,0.0,1.0,0.0,1,1.0,1
340,"What salty lake is located at 1,388 ft below sea level?",Dead Sea,0,Dead Sea,Salina de Tópicos,Salina Grande,Manicouagan Lake,Manicouagan-Sabreau,1.6094379124341005,1.0,0.0,1.0,5,0.2,5
341,Which Motown star had a new millennium hit with Not Over Yet,Diana Ross,1,Mary J. Blige,Diana Ross,Michael Jackson,Michael Jackson,The Weather Report,1.3321790402101223,0.9609640474436812,0.039035952556318754,0.9609640474436812,4,0.4,4
342,Who is the mother of Aphrodite in Greek mythology?,DIONE,0,Zeus,Zeus,Zeus,Zeus,Zeus,0.0,0.0,1.0,0.0,1,1.0,1
343,Which revolutionary leader was born Vladimir Ilyich Ulyanov?,Lenin,0,Lenin,Lenin,Lenin,Lenin,Lenin,0.0,0.0,1.0,0.0,1,1.0,1
344,"In medicine, which suffix denotes the surgical removal of something, usually from inside the body?",-ectomy,0,-ectomy,-ectomy,-ectomy,-ectomy,-ectomy,0.0,0.0,1.0,0.0,1,1.0,1
345,The UEFA cup is a soccer tournament for teams from which continent?,Europe,0,Europe,European,Europe,Europe,Europe,0.0,0.0,1.0,0.0,1,1.0,2
346,"In which year did George Bush succeed Ronald Reagan as US President, the US ratified the Berne convention on copyright, Time Inc and Warner Communications merged to form Time-Warner, and the Exxon Valdez spilled oil in Alaska?",1989,1,1990,1990,1990,1990,1990,0.0,0.0,1.0,0.0,1,1.0,1
347,"""What famous book begins: """"Chug, chug, chug. Puff, puff, puff""""?""",The Little Engine that Could,1,The Wind in the Willows,The Wind in the Woods,The Wind in the Willows,The Wind in the Willows,The Wind in the WIlloes,0.5004024235381879,0.7219280948873623,0.2780719051126377,0.7219280948873623,2,0.8,3
348,Who was Minister of Education when the 1944 Education Act was passed?,R.A.BUTLER,1,Ernest Bevin,Ernest Bevin,Ernest Brown,Ernest Bevin,Ernest Bevin,0.5004024235381879,0.7219280948873623,0.2780719051126377,0.7219280948873623,2,0.8,2
349,Which pop star played Beth in Neighbours between 1991 and 1993?,Natalie Imbruglia,1,Ashlee Simpson,Jessica Simpson,Kylie Minogue,Kylie Minogue,Kylie Minogue,0.9502705392332347,0.8649735207179272,0.1350264792820728,0.8649735207179272,3,0.6,3
350,In 1984 which Bruce Springsteen song was the first to win a Grammy for him? (He has won 20 in all),DANCING IN THE DARK,1,Born to Run,Born to Run,Born to Run,Born to Run,Born to Run,0.0,0.0,1.0,0.0,1,1.0,1
351,Painter and engraver Sir Edwin Henry Landseer was a favourite artist of which British monarch?,Queen Victoria,0,Queen Victoria,Queen Victoria,Queen Victoria,Queen Victoria,Queen Victoria,0.0,0.0,1.0,0.0,1,1.0,1
352,The Ballad of Bonnie and Clyde was a no.1 hit in 1967 for which singer?,Georgie Fame,1,Roy Orbison,Johnny Cash,Johnny Cash,Gene Clark,Johnny Cash,0.9502705392332347,0.8649735207179272,0.1350264792820728,0.8649735207179272,3,0.6,3
353,Which cheese is known as ‘The King of English Cheeses’?,Stilton,0,Stilton,Stilton,Stilton,Stilton,Stilton,0.0,0.0,1.0,0.0,1,1.0,1
354,The Hindu deity Ganesha has the head of which animal?,ELEPHANT,0,elephant,Elephant,elephant,elephant,elephant,0.0,0.0,1.0,0.0,1,1.0,1
355,Alexandra of Denmark was married to which English king?,EDWARD VII,1,George V,George V,Edward VII,George V,Edward VII,0.6730116670092565,0.9709505944546688,0.029049405545331197,0.9709505944546688,2,0.6,2
356,"All happy families resemble one another, but each unhappy family is unhappy in its own way. The opening lines of which great novel?",Anna Karenina,0,The Great Gatsby,Anna Karenina,Anna Karenina,Anna Karenina,The Great Gatsby,0.6730116670092565,0.9709505944546688,0.029049405545331197,0.9709505944546688,2,0.6,2
357,Which prototype drink recipe was formulated at Pemberton's Eagle Drug and Chemical House?,COCA COLA,1,Eagle Brand Coca-Cola,Eagle Brand Coca-Cola,Eagle Brand Ginger Ale,Eagle Brand Coca-Cola,Eagle Brand Root Beer,0.9502705392332347,0.8649735207179272,0.1350264792820728,0.8649735207179272,3,0.6,3
358,For what medical condition would a doctor administer an antitussive?,Coughs,1,For a cough.,Cough,For what medical condition would a doctor administer an antitussive? To treat cough.,Cough,Cough,0.0,0.0,1.0,0.0,1,1.0,3
359,Which 15th-century navigator discovered the sea route from Europe to India by the Cape of Good Hope?,Vasco da Gama,0,Bartolomeu Dias,Vasco da Gama,Vasco da Gama,Vasco da Gama,Vasco da Gama,0.5004024235381879,0.7219280948873623,0.2780719051126377,0.7219280948873623,2,0.8,2
360,"Normally called a wolverine in North America, what is the largest carniverous mammal in the weasel family, which, it is said, has a habit of hiding articles which are no use to it?",Glutton,1,Glacier bear,Wolverine,Wolverine,Wolverine,Wolverine,0.5004024235381879,0.7219280948873623,0.2780719051126377,0.7219280948873623,2,0.8,2
361,In the Robin Hood T.V. series starring Richard Green what was the name of the inn that was used,The Blue Boar,1,The Mermaid Inn,The Mermaid Inn,The Millers' Rest,The Daw's Neck,Green Man,1.3321790402101223,0.9609640474436812,0.039035952556318754,0.9609640474436812,4,0.4,4
362,The Pyg and the Miners' tracks and the Watkin Path are routes up which mountain?,Snowdon,0,Snowdon,Snowdon,Snowdon,Snowdon,Snowdon,0.0,0.0,1.0,0.0,1,1.0,1
363,"Who created the characters of Willy Loman, Joe Keller and Eddie Carbone?",Arthur Miller,0,Arthur Miller,Arthur Miller Miller,Arthur Miller,Arthur Miller,Arthur Miller,0.0,0.0,1.0,0.0,1,1.0,2
364,"Also the name of a popular TV character, who was the father of the apostles John the Evangelist and James the Greater?",ZEBEDEE,0,Saint Barnabas,Barnabas,Saint Jude,Simon Peter,Simon,1.3321790402101223,0.9609640474436812,0.039035952556318754,0.9609640474436812,4,0.4,5
365,"Which holiday, which had its first official recognition in 1868, was originally called Decoration Day?",Memorial Day,0,Memorial Day,Memorial Day,Memorial Day,Memorial Day,Memorial Day,0.0,0.0,1.0,0.0,1,1.0,1
366,Who is the only British Prime Minister to serve under 3 monarchs?,STANLEY BALDWIN,1,Benjamin Disraeli,Winston Churchill,Margaret Thatcher,Lord Melbourne,Margaret Thatcher,1.3321790402101223,0.9609640474436812,0.039035952556318754,0.9609640474436812,4,0.4,4
367,From 2008 Ferrari provided cars (a modification of the F1 Ferrari F2004 chassis) with a V8 engine for which 'single make' motor racing series?,A1 Grand Prix,1,LMP1,Le Mans Prototype 2 (LM P2) Class,Formula E,Le Mans Prototype 2,Le Mans Prototype 2 (LMP2),1.3321790402101223,0.9609640474436812,0.039035952556318754,0.9609640474436812,4,0.4,5
368,"Bammy (Jamaica), Bannock (Scotland), Blaa (Ireland), Bublik (Poland), and Boule (France) are types of?",Bread,1,Games,Games,Balls,Snacks,Snacks,1.0549201679861442,0.9602297178607612,0.03977028213923883,0.9602297178607612,3,0.4,3
369,What colour does the planet Neptune appear to be from space?,Blue,0,Blue,Blue,Blue,Blue,Blue,0.0,0.0,1.0,0.0,1,1.0,1
370,"Stirling Moss also won the next British Grand prix held at Aintree, in 1957, to give which British team its first Grand Prix victory?",VANWALL,1,Aston Martin,BRM,Team Lotus,Aston Martin,McLaren,1.3321790402101223,0.9609640474436812,0.039035952556318754,0.9609640474436812,4,0.4,4
371,What is the peptide hormone produced in all vertebrates and some others to promote the absorption of glucose from the blood to muscles and fat tissue?,Insulin,0,Glucagon,glucagon,glucagon,glucagon,Glucagon,0.0,0.0,1.0,0.0,1,1.0,1
372,On the banks of which river does the city of Quebec stand?,ST LAWRENCE,1,St. Lawrence River,Saint Lawrence,St. Lawrence River,St. Lawrence River,St. Lawrence,0.0,0.0,1.0,0.0,1,1.0,3
373,"Near which northern town, now a city, did the last battle of the English Civil War take place, in 1648?",Preston,1,Cambridge,Worcester,Nuneaton,Worcester,Newbury,1.3321790402101223,0.9609640474436812,0.039035952556318754,0.9609640474436812,4,0.4,4
374,Which famous British graffiti artist describes himself as a ‘Quality Vandal’?,Banksy,0,Banksy,Banksy,Banksy,Banksy,Banksy,0.0,0.0,1.0,0.0,1,1.0,1
375,What was silent film actor 'Fatty' Arbuckle's christian name?,ROSCOE,1,Arthur,Arthur,William,Arthur,Arthur,0.5004024235381879,0.7219280948873623,0.2780719051126377,0.7219280948873623,2,0.8,2
376,Who invented the saxophone in 1840?,Adolphe Sax,0,Adolphe Sax,Adolphe Sax,Adolphe Sax,Adolphe Sax,Adolphe Sax,0.0,0.0,1.0,0.0,1,1.0,1
377,Which British political figure became Baroness Kesteven?,Margaret Thatcher,1,"Baroness Kesteven was the Hon. Eleanor Mary Norman, 3rd Baroness Howard of Emlyn, a British politician. She became Baron",Margaret Beckett,Baroness Kesteven,Baroness Kesteven became the British political figure who is the Baroness Kesteven. To answer correctly based on the information provided: Baroness,"Baroness Kesteven was Margaretta Helena Edith ""Meg"" Ewart, Baroness Kesteven. Her full title is Margaretta Helena",1.3321790402101223,0.9609640474436812,0.039035952556318754,0.9609640474436812,4,0.4,5
378,"The period between 1450 and 1600 in European development is known by what term, initially used by Italian scholars to express the rediscovery of ancient Roman and Greek culture?",The Renaissance,1,Renaissance,Renaissance,Renaissance,Renaissance,Renaissance,0.0,0.0,1.0,0.0,1,1.0,1
379,The price of which metal commodity is traditionally considered an indicator of global economic buoyancy?,Copper,1,Gold,Gold,Gold,Gold,Gold,0.0,0.0,1.0,0.0,1,1.0,1
380,Which South Pacific island nation became the first in the 21st century to change its driving on the road from right to left?,Samoa,1,Samoa,Tuvalu,Kiribati,Nauru,Nauru,1.3321790402101223,0.9609640474436812,0.039035952556318754,0.9609640474436812,4,0.4,4
381,Sarawak is a state in which country?,MALAYSIA,0,Malaysia,Malaysia Sarawak is a state in Malaysia.,Malaysia Sarawak is a state in Malaysia.,Malaysia,Malaysia,0.6730116670092565,0.9709505944546688,0.029049405545331197,0.9709505944546688,2,0.6,2
382,"The Wright Brothers' first powered flight, in 1903, took place where?",Kitty Hawk,0,"Kitty Hawk, North Carolina",Kitty Hawk,Kitty Hawk,Kitty Hawk,Kitty Hawk,0.5004024235381879,0.7219280948873623,0.2780719051126377,0.7219280948873623,2,0.8,2
383,"""What Christmas character said """"God bless us, every one!""""""",Tiny Tim,1,Father Christmas,Frosty the Snowman,Frosty the Snowman,Father Christmas,Santa Claus,0.6730116670092565,0.9709505944546688,0.029049405545331197,0.9709505944546688,2,0.6,3
384,"In October 2005, a week before her 16th birthday, Michelle Wie announced that she was turning professional at what sport?",Golf,0,golf,Golf,Golf,Golf,Golf,0.0,0.0,1.0,0.0,1,1.0,1
385,The Russo Japanese War of 1904-1905 ended when the Russian Fleet under Rozhdestvensky was defeated at the Battle of Tsushima by a fleet led by whom?,Admiral Togo Heihachir,1,Hayashi Shigenori,Hideki Toyoda,Hideki Takahashi,Yamamoto,Yamamoto,1.3321790402101223,0.9609640474436812,0.039035952556318754,0.9609640474436812,4,0.4,4
386,"Niagara Falls is between the state of New York, USA, and which province of Canada?",Ontario,0,Ontario,Ontario,Ontario,Ontario,Ontario,0.0,0.0,1.0,0.0,1,1.0,1
387,"Taking office on May 27th 1993, who was margaret Thatcher's last Chancellor of the Exchequer?",KENNETH CLARK,1,Geoffrey Howe,Norman Tebbings Thatcher,Sir Geoffrey Howe,Nigel Lawson,John Major,1.6094379124341005,1.0,0.0,1.0,5,0.2,5
388,Bujumbura international airport is in which country?,Burundi,0,Burundi,Burundi,Burundi,Burundi,Burundi,0.0,0.0,1.0,0.0,1,1.0,1
389,Quakers are also known by what name?,Society of Friends,1,Religious Society of Friends,Merryweather,Merryweather,Society of Friends,Merry Packers,1.0549201679861442,0.9602297178607612,0.03977028213923883,0.9602297178607612,3,0.4,4
390,In Othello what did the bard mean by ‘the beast with two backs’?,Sexual Intercourse,1,Sexual intercourse,Sex,Slang for sexual intercourse,"Act 3, Scene 3, Cassio's entrance. The beast with two backs in ""Othello"" is a euphemistic phrase",Seducing and having sex,1.3321790402101223,0.9609640474436812,0.039035952556318754,0.9609640474436812,4,0.4,5
391,"Killing 57 people and causing over $3 billion in property damage, the eruption o f Mount St. Helens occurred on May 18 of what year?",1980,0,1980,1980,1980,1980,1980,0.0,0.0,1.0,0.0,1,1.0,1
392,In which city can you see the original statue of Michelangelo’s David?,Florence,0,Florence,Florence,Florence,Florence,Florence,0.0,0.0,1.0,0.0,1,1.0,1
393,"Which-singer's voice was of the leading actress in the films 'Gentlemen Prefer Blondes', 'The King and I', 'West Side Story' and 'My Fair Lady'?",Marni Nixon,1,Marilyn Monroe,Marilyn Monroe,Grace Kelly,Mary Martin,Mary Martin,1.0549201679861442,0.9602297178607612,0.03977028213923883,0.9602297178607612,3,0.4,3
394,"Based on a mythological tale, which 1689 opera by Henry Purcell is considered by many to be the first English-language operatic masterpiece?",'DIDO AND AENEAS',0,Dido and Aeneas,Dido and Aeneas,Dido and Aeneas,Dido and Aeneas,Dido and Engidus,0.5004024235381879,0.7219280948873623,0.2780719051126377,0.7219280948873623,2,0.8,2
395,"The surname of which Wimbledon Champion can be formed using the chemical symbols for beryllium, carbon, potassium and erbium?",Boris BECKER,1,BKPb,Bercot,Baskin,Berek,BeKCoEr,1.6094379124341005,1.0,0.0,1.0,5,0.2,5
396,Who was president of the USA during World War I?,Woodrow Wilson,0,Woodrow Wilson,Woodrow Wilson,Woodrow Wilson,Woodrow Wilson,Woodrow Wilson,0.0,0.0,1.0,0.0,1,1.0,1
397,"""Who had hit records with """"Tragedy"""" and """"You Win Again""""?""",The Bee Gees,1,Ray Charles Robinson,Ray Charles,Sam the Sham and the Shangri-Las,Ray Charles Robinson,Sam Cooke,1.3321790402101223,0.9609640474436812,0.039035952556318754,0.9609640474436812,4,0.4,4
398,Of which African country is Dodoma the official capital city?,Tanzania,0,Tanzania,Tanzania,Tanzania,Tanzania,Tanzania,0.0,0.0,1.0,0.0,1,1.0,1
399,Which mountain range stretches from the Black Sea to the Caspian Sea?,Caucasus,1,Greater Caucasus,Tat Mountain Range,Pontic Mountains,Pontic Mountains,Pontic Mountains,0.9502705392332347,0.8649735207179272,0.1350264792820728,0.8649735207179272,3,0.6,3
400,The flag of Hungary is divided into three bands. Two of the colours are red and white. What is the third?,GREEN,1,blue,Blue,Blue,Blue,blue,0.0,0.0,1.0,0.0,1,1.0,1
401,Where is the Great Karoo found?,South Africa,0,South Africa,South Africa,South Africa,South Africa,South Africa,0.0,0.0,1.0,0.0,1,1.0,1
402,"Which award winning building was built directly underneath Waterloo Bridge, London, in the 1980s and has stalagtites (from water leaking through the Bridge) growing in it?",Museum of the Moving Image,1,Tower Bridge Exhibition,Barbican Estate,Crystal Maze,Millennium Bridge,Bilimoviç Tower,1.6094379124341005,1.0,0.0,1.0,5,0.2,5
403,What is the desert that occupies the southern part of Israel?,NEGEV,0,Negev,Negev,Negev Desert,Negev,Negev,0.0,0.0,1.0,0.0,1,1.0,2
404,"What popular rosy-cheeked animal character, launched on UK TV in 2004, was licensed to US Fisher Price Toys in 2011?",Peppa Pig,1,Benjamin Bunny,Biscuit,Bisto Biscuit BFFs,Biff,bumblebee boy,1.3321790402101223,0.9609640474436812,0.039035952556318754,0.9609640474436812,4,0.4,5
405,Which chemical element is represented by Zr on the Periodic Table?,Zirconium,0,Zirconium,Zirconium,Zirconium,Zirconium,Zirconium,0.0,0.0,1.0,0.0,1,1.0,1
406,"Who was the mother of Marie Antoinette, wife of Louis XIV of France?",Maria Theresa of Austria,1,Maria Theresa,Maria Antonia Ferdinand Sophie Amalia of Austria,"Maria Antonia Josephine, Princess of Hungary",Maria Theresa,Maria Antonietta,1.3321790402101223,0.9609640474436812,0.039035952556318754,0.9609640474436812,4,0.4,4
407,"Which lady, who has never won a Wimbledon singles title, was the US Open Champion in 1991 and 1992?",MONICA SELES,1,Conchita Martinez,Kim Clijsters,Conchita Martinez,Monica Seles,Martina Hingis,1.3321790402101223,0.9609640474436812,0.039035952556318754,0.9609640474436812,4,0.4,4
408,In Russian cuisine what kind of food are blini?,PANCAKES,0,pancakes,Pancakes,pancakes,pancakes,pancakes,0.0,0.0,1.0,0.0,1,1.0,1
409,Which horse won the Epsom Derby in 1989?,Nashwan,1,Almanzor,Mr. Prospector,Mon Mome,Almanzor,Montjeu,1.3321790402101223,0.9609640474436812,0.039035952556318754,0.9609640474436812,4,0.4,4
410,What happened at Scapa Flow on 21st June 1919?,German fleet was scuttled,1,Fleet Review,release of German warships,Release of German Fleet,release of German Navy ships,release of german navy ships To: release of german navy ships.,0.5004024235381879,0.7219280948873623,0.2780719051126377,0.7219280948873623,2,0.8,5
411,"Who were Aramis, Porthos and Athos?",The Three Musketeers,1,Musketeers,Musketeers,Musketeers,Musketeers,Musketeers,0.0,0.0,1.0,0.0,1,1.0,1
412,What colour is Santa Claus' belt?,Black,1,Red,Red,Red,Red,Red,0.0,0.0,1.0,0.0,1,1.0,1
413,Which famous military leader was Deputy Commander of NATO forces from 1951 to 1958?,Montgomery,1,General Matthew B. Ridgway,General Dwight D. Eisenhower,Dwight D. Eisenhower,Dwight D. Eisenhower Eisenhower,Dwight D. Eisenhower Eisenhower,0.9502705392332347,0.8649735207179272,0.1350264792820728,0.8649735207179272,3,0.6,4
414,"In 1968, which was the first manned lunar orbiting mission?",APOLLO 8,0,Apollo 8,Apollo 8,Apollo 8,Apollo 8,Apollo 8,0.0,0.0,1.0,0.0,1,1.0,1
415,Larry Mullins and Adam Clayton are the rhythm section for which band?,U2,1,"Bono and The Edge, The Edge being Adam Clayton, form U2. Larry Mullen Jr. and Adam Clayton make up the rhythm section of",Soul Asylum,Soul Asylum,Soul Asylum,Soul Asylum,0.5004024235381879,0.7219280948873623,0.2780719051126377,0.7219280948873623,2,0.8,2
416,Which racecourse hosts The Lincoln Handicap?,DONCASTER,1,Hollywood Park,Gulfstream Park,Hollywood Park Racetrack,Hollywood Park,Hollywood Park Racetrack,1.0549201679861442,0.9602297178607612,0.03977028213923883,0.9602297178607612,3,0.4,3
417,Pont Neuf is the oldest bridge in Paris. What does its name mean?,New Bridge,1,Old Bridge,Old Bridge,Old Bridge,Old Bridge,Old Bridge,0.0,0.0,1.0,0.0,1,1.0,1
418,"From 1978 to 1984, who were coached by a lady called Betty Callaway?",Torvill & Dean,1,Betty Joe Callaway,Pat SumAllison,Pat Sum-all,Betty Shabazz,Betty Callaway coached the Detroit Pistons.,1.3321790402101223,0.9609640474436812,0.039035952556318754,0.9609640474436812,4,0.4,5
419,"The Bee Gees are popularly credited as being from Australia, but on which island were they actually born?",Isle of Man,1,Cocos (Keeling) Islands,Tasmania,Isle of Wight,Tasmania,Tasmania,0.9502705392332347,0.8649735207179272,0.1350264792820728,0.8649735207179272,3,0.6,3
420,"Richmond in Yorkshire, lies on which river?",SWALE,1,Swale,Derwent,Nidd,Ouse,Dove,1.3321790402101223,0.9609640474436812,0.039035952556318754,0.9609640474436812,4,0.4,5
421,Which French playwright's real name was Jean Baptiste Poquelin?,MOLIERE,1,Jean-Baptiste Poquelin,Jean-Baptiste Poquelin,Molière,Molière,Jean-Baptiste Poquelin,0.6730116670092565,0.9709505944546688,0.029049405545331197,0.9709505944546688,2,0.6,2
422,What was the name of the British nurse who was shot by a German firing squad during World War I after being court-martialled for helping Allied troops escape from a military hospital in Belgium?,EDITH CAVELL,0,Edith Cavell,Edith Cavell,Edith Cavell,Edith Cavell,Edith Cavell,0.0,0.0,1.0,0.0,1,1.0,1
423,"According to 2014 Twitter statistics, how many million tweets are sent every day?",500,1,3500,3500,400,3500,3.9,0.9502705392332347,0.8649735207179272,0.1350264792820728,0.8649735207179272,3,0.6,3
424,"Traditionally, the concertmaster of a symphonic orchestra plays what instrument?",Violin,0,Violin,Violin,Violin,Violin,violin,0.0,0.0,1.0,0.0,1,1.0,1
425,A Russian rouble is divided into 100 …..what?,Kopeks,1,kopecks,kopecks,kopecks,kopecks,kopecks,0.0,0.0,1.0,0.0,1,1.0,1
426,Who became the last state President of apartheid South Africa in August 1989?,F W de Klerk,0,F.W. de Klerk,F W de Klerk,Nelson Mandela,De Klerk,F W de Klerk,0.9502705392332347,0.8649735207179272,0.1350264792820728,0.8649735207179272,3,0.6,3
427,"""Who created the character of Doctor Finlay in the British TV series (1962-1971) """"Dr Finlay's Casebook""""?""",A J Cronin,1,Patrick Gordon Walker,John Partners,John Moffat,John Moffatt Moffatt Moffatt Moffatt Moffatt Moffatt Moffatt Moffatt Moffatt Moffatt Moffatt Moffatt Moffatt Moffatt Moff,John Partners,1.0549201679861442,0.9602297178607612,0.03977028213923883,0.9602297178607612,3,0.4,4
428,"Which British Overseas Territory is located on the southern end of the Iberian Peninsula at the entrance of the Mediterranean, and has an area of approximately 2.6 square miles?",Gibraltar,1,Pitcairn Islands,Pitcairn Island,Pitcairn Islands,Pitcairn Islands,Pitcairn Islands,0.5004024235381879,0.7219280948873623,0.2780719051126377,0.7219280948873623,2,0.8,2
429,Which British explorer travelled disguised as a Muslim to Mecca and Medina in 1853?,Richard Francis Burton,1,John Wilson Coxes,John Lewis Stevens,William Francis Edward Beveridge,John Francis,Alexander Stewart Russell,1.6094379124341005,1.0,0.0,1.0,5,0.2,5
430,"Voiced by Phil Hartman, before his untimely death, Lionel Hutz is the hapless lawyer on what TV series?",The Simpsons,1,Grounded for Life,Law and Order,Law & Order,The Simpsons,The Wire,1.3321790402101223,0.9609640474436812,0.039035952556318754,0.9609640474436812,4,0.4,5
431,What famous suncream is named after a mountain in Switzerland?,Piz Buin,1,Positano Sunscreen,La Roche-Posay,Positano Sunscreen,Nivea,Elastisee,1.3321790402101223,0.9609640474436812,0.039035952556318754,0.9609640474436812,4,0.4,4
432,"In an Indian restaurant, what is 'kulfi'?",Ice cream,0,Ice cream,Ice cream,Ice cream,Ice cream,Ice cream,0.0,0.0,1.0,0.0,1,1.0,1
433,"What was the name of the Roman festivities in mid to late December, elements of which were incorporated into Christmas?",SATURNALIA,0,Saturnalia,Saturnalia,Saturnalia,Saturnalia,Saturnalia,0.0,0.0,1.0,0.0,1,1.0,1
434,Which 1929 film directed by Alfred Hitchcock is considered to be the first all-talkie feature British film?,Blackmail,1,The Third Man,"The third British silent feature to be adapted as a ""talkie""",The Farmer's Wife,The Farmer's Wife,The39Clues,1.3321790402101223,0.9609640474436812,0.039035952556318754,0.9609640474436812,4,0.4,4
435,"""Which school is the setting for the 1939 film """"Goodbye, Mr. Chips""""?""",Brookfield Public School,1,Cheltenham Grammar School,Collingwood School Answer: Collingwood School Answer: Collingwood School,Chipping Sodbury,York Grammar School,Skywalker Ranch,1.6094379124341005,1.0,0.0,1.0,5,0.2,5
436,"In August 1960 Chad, in Central Africa, became independent from which country?",France,0,France,France,France,France,France,0.0,0.0,1.0,0.0,1,1.0,1
437,"As of 1st. June 2011, who is the only Swiss Tennis player, other than Roger Federer, to be ranked in the Men's top twenty?",STANISLAS WAWRINKA,1,Stan Wawrinka,Stan Wawrinka,Stan Wawrinka,Stan Wawrinka,Stanislas Wawrinka,0.0,0.0,1.0,0.0,1,1.0,2
438,In which newspaper does the cartoon dog Fred Basset appear,The Daily Mail,1,News of the World,The Sun,The Sun,The Daily Mirror,Dandy,1.3321790402101223,0.9609640474436812,0.039035952556318754,0.9609640474436812,4,0.4,4
439,Who had the noels Spy Hook and Spy Line published in the 80s?,Len Deighton,1,James Bond novels,James Bond,James Bond,James Bond,James Bond novels,0.6730116670092565,0.9709505944546688,0.029049405545331197,0.9709505944546688,2,0.6,2
440,Which of the United States is known as the Wolverine State'?,MICHIGAN,0,Michigan,Michigan,Michigan,Michigan,Michigan,0.0,0.0,1.0,0.0,1,1.0,1
441,What is the name of the densely forested moon inhabited by the Na’vi in the 2009 film ‘Avatar’?,Pandora,1,Moon Parka,Moon Forest Moon,LV-200 To: LV-200.,Moon serpent,LV-200,1.3321790402101223,0.9609640474436812,0.039035952556318754,0.9609640474436812,4,0.4,5
442,The uniform of which NFL team is green because their once owner was born on St Patrick's day?,New York Jets,1,Green Bay Packers,New York Jets,Pittsburgh Steelers,Atlanta Falcons,Green Bay Packers,1.3321790402101223,0.9609640474436812,0.039035952556318754,0.9609640474436812,4,0.4,4
443,From which city did Radio Piccadilly broadcast,Manchester,1,London,Birmingham,London London,Manchester,London,0.9502705392332347,0.8649735207179272,0.1350264792820728,0.8649735207179272,3,0.6,4
444,"Who is missing from this list of Artistic Directors of the National Theatre – Laurence Olivier, Peter Hall, Richard Eyre and Nicholas Hytner?",TREVOR NUNN,1,Nicholas Hytner,Nicholas Hytner,Michael Radford,Nicholas Hytner,Nicholas Hytner,0.5004024235381879,0.7219280948873623,0.2780719051126377,0.7219280948873623,2,0.8,2
445,Which Stephen King novel is said to have been rejected by 30 different publishers?,Carrie,1,"It's Just You, Pretty Woman",Rita Hayworth and Shawshank Redemption,Danse Macabre,"Rita Hayworth and Shawshank Redemption To clarify, the novel that is said to have been rejected by 30 different publishers is Rita Hayworth",Bag of Bones,1.6094379124341005,1.0,0.0,1.0,5,0.2,5
446,The Buddy Holly song That'll Be the Day is said to have been inspired by what John Wayne film?,The Searchers,1,The B Word,True Guns,Roundup,True Grit,The Darling (1955),1.6094379124341005,1.0,0.0,1.0,5,0.2,5
447,Name the dragonthat guarded the treasure in 'The Hobbit'?,'SMAUG',0,Smaug,Smaug,Smaug,Smaug,Smaug,0.0,0.0,1.0,0.0,1,1.0,1
448,Which composer was born on this day in Prague in 1841 – his Symphony number 9 in E minor From the New World is one of his most famous works?,Antonín Dvořák,1,Antonín Leopold Dvořák,Antonín Leopold Dvořák,Antonín Leopold Dvořák,Antonín Leopold Dvořák,Antonín Leopold Dvořák,0.0,0.0,1.0,0.0,1,1.0,1
449,The three largest cruise ships in the world are own by which cruise line?,ROYAL CARIBBEAN,1,Carnival Cruise Line,Royal Caribbean International,Carnival Cruise Line,Cunard Line,Princess Cruises,1.3321790402101223,0.9609640474436812,0.039035952556318754,0.9609640474436812,4,0.4,4
450,"Released in 2009, 'Dawn Of The Dinosaurs' was the title of the third instalment of which film series?",'ICE AGE',1,Dinosaur,Dino Land,Dino Dominion,The Mummy,Dino Dominion,1.3321790402101223,0.9609640474436812,0.039035952556318754,0.9609640474436812,4,0.4,4
451,"Which play includes the characters Lady Sneerwell, Sir Harry Bumper and Sir Peter Teazle?",School for Scandal,1,Teahouse of the Rue Margo,Teahouse of the Eight Winds,Teahouse of the August Moon,Teahouse of the August Moon,The Village,1.3321790402101223,0.9609640474436812,0.039035952556318754,0.9609640474436812,4,0.4,4
452,Which is the only place in the UK to have a post code beginning with the letter 'Z'?,Shetland,1,ZY,ZE,Z1 1AA,ZB,ZE,0.9502705392332347,0.8649735207179272,0.1350264792820728,0.8649735207179272,3,0.6,4
453,Who composed The Trout Quintet?,Schubert,1,Franz Schubert,Franz Schubert,Antonín Leopold Dvorák,Franz Schubert,Franz Schubert,0.5004024235381879,0.7219280948873623,0.2780719051126377,0.7219280948873623,2,0.8,2
454,In which country would you find the region of Assam?,India,0,India,India,India,India,India,0.0,0.0,1.0,0.0,1,1.0,1
455,Which group sang about 'Mrs. Brown's lovely daughter' in 1965?,HERMAN'S HERMITS,1,The Kinks,The Davey Group,The Daveyords,The Beatles,The Kinks,1.3321790402101223,0.9609640474436812,0.039035952556318754,0.9609640474436812,4,0.4,4
456,‘Albrecht Discount’ supermarket is better known by what name?,Aldi,0,Aldi,Aldi,Aldi,Aldi,Aldi,0.0,0.0,1.0,0.0,1,1.0,1
457,What is the English name for the Rossini opera 'La Gazza Ladra'?,'THE THIEVING MAGPIE',1,The Rat Catcher,The Fox-Hunter,The Fox-Hunter,The Fiendish little Stag,The Thieving Magpie,1.3321790402101223,0.9609640474436812,0.039035952556318754,0.9609640474436812,4,0.4,4
458,"""Who narrated """"March of the Penguins"""" and """"The Shawshank Redemption""""?""",Morgan Freeman,1,Joel McKee Smith,Joel David Robertson,Jim Brown,Jim Cummings,Jim Brown,1.3321790402101223,0.9609640474436812,0.039035952556318754,0.9609640474436812,4,0.4,4
459,What is the Caribbean island of St Christopher commonly known as?,St. Kitts,1,Saint Kitts Saint Martin Saint Lucia,Saint Kitts,Saint Kitts,Nevis,Saint Kitts,0.5004024235381879,0.7219280948873623,0.2780719051126377,0.7219280948873623,2,0.8,3
460,Bumble is the nickname of which sports commentator?,DAVID LLOYD,1,Bill Simmons,Bill Livingston,Bill Simmons,Bill James,Bill James,1.0549201679861442,0.9602297178607612,0.03977028213923883,0.9602297178607612,3,0.4,3
461,A pentadecagon has how many sides?,15,0,15,15,15,15,15,0.0,0.0,1.0,0.0,1,1.0,1
462,In which decade was the Suez Canal opened; Abrahan Lincioln elected American President; Prince Albert died of typhoid?,1860's,1,1800s,1800s,1860s,1860s,1860s,0.6730116670092565,0.9709505944546688,0.029049405545331197,0.9709505944546688,2,0.6,2
463,Kikuyu and Tutsi are two types of what?,African tribes,1,Peoples,Ethnic groups,Ethnic groups,Peoples,Peoples,0.6730116670092565,0.9709505944546688,0.029049405545331197,0.9709505944546688,2,0.6,2
464,What was the name of the bar in which the TV show Cheers was set?,Cheers,0,Griffin's Bar,The Captain's Bar,Cheers,Cheers,Cheers,0.9502705392332347,0.8649735207179272,0.1350264792820728,0.8649735207179272,3,0.6,3
465,Which wading bird is encouraged to nest on rooftops as a symbol of fertility,Stork,1,Pigeon clapper (Rufousingous phoenicurus),White stork,Great Tit,Great tit,flamingo,1.3321790402101223,0.9609640474436812,0.039035952556318754,0.9609640474436812,4,0.4,4
466,French woman Isabelle Dinoire was the first person to receive a transplant of which body part in 2005?,Face,1,kidney,cornea,Heart,Heart,heart,0.9502705392332347,0.8649735207179272,0.1350264792820728,0.8649735207179272,3,0.6,3
467,"""Which poet wrote the line, """"If winter comes, can spring be far behind""""?""",PERCY SHELLEY,1,Percy Bysshe Shelley,Percy Bysshe Shelley,Percy Bysshe Shelley,Percy Bysshe Shelley,Percy Bysshe Shelley,0.0,0.0,1.0,0.0,1,1.0,1
468,"For the 1st time ever, a person has won both a best actor/actress Oscar and a Razzie for the worst actor/actress in the same year. Who did it this year?",Sandra Bullock,1,Gary Oldman,Tom Hanks To: Tom Hanks,Christian Bale,Casey Affleck,Leonardo DiCaprio,1.6094379124341005,1.0,0.0,1.0,5,0.2,5
469,"Unveiled on May 11th 2007, a bronze statue of which famous figure now stands outside Wembley Stadium? It features the character with arms folded and one foot resting on a ball.",BOBBY MOORE,1,Muhammad Ali,Nelson Mandela,Muhammad Ali,Nelson Mandela,Muhammad Ali,0.6730116670092565,0.9709505944546688,0.029049405545331197,0.9709505944546688,2,0.6,2
470,From which ballet company did Rudolph Nuryev defect to the west?,KIROV,1,Kirov Ballet,Kirov Ballet,Kirov Ballet,Kirov Ballet,Kirov Ballet Company,0.5004024235381879,0.7219280948873623,0.2780719051126377,0.7219280948873623,2,0.8,2
471,"Which Mediterranean island is associated with the Greek goddess of love, Aphrodite?",CYPRUS,0,Cyprus,Cyprus,Cyprus,Cyprus,Cyprus,0.0,0.0,1.0,0.0,1,1.0,1
472,"Which pop group comprised John Gorman, Roger McGough and Mike McGear?",'THE SCAFFOLD',1,Echoes,The Style Council,Small Faces,Frankie Goes to Hollywood,Buzzaway,1.6094379124341005,1.0,0.0,1.0,5,0.2,5
473,Which brewery produces the beer 'Spitfire'?,SHEPHERD NEAME,1,BrewDog,Fullers,Stone Brewing Company,Samuel Smith's Brewery,Cascade Brewing Company,1.6094379124341005,1.0,0.0,1.0,5,0.2,5
474,"Where, in literature can you find Willy Nilly, Organ Morgan and Bessie Bighead?",UNDER MILK WOOD,1,Children's literature,Children's literature,Folklore,Folklore,The Brothers Grimm,1.0549201679861442,0.9602297178607612,0.03977028213923883,0.9602297178607612,3,0.4,3
475,The significant ancient Egyptian diety Horus (a man with a falcon's head) features the related '(What?) of Horus' symbol of protection/good health?,Eye,0,Sakanet,Uraeus,Eye,Eye of Horus,Eye of Horus,1.3321790402101223,0.9609640474436812,0.039035952556318754,0.9609640474436812,4,0.4,4
476,Who wrote The Origin of Species in 1859?,CHARLES DARWIN,0,Charles Darwin,Charles Darwin,charles darwin,Charles Darwin,charles darwin,0.0,0.0,1.0,0.0,1,1.0,1
477,"Steve Davis reached every final of the Snooker World Championship between 1983 and 1989, but who were the two players who beat him?",Dennis Taylor and Joe Johnson,1,"Mark Williams, Ronnie O'Sullivan","Ronnie O'Sullivan, Steve Davis","Ronnie O'Sullivan, Mark Williams",Steve Davis,"Mark Williams, John Higgins",1.3321790402101223,0.9609640474436812,0.039035952556318754,0.9609640474436812,4,0.4,5
478,Who played Heinrich Himmler in the 1976 film ‘The Eagle Has Landed’?,Donald Pleasance,1,Donald Sutherland,David Warner,Dirk Benedict,Michael Caine,Richard Burton,1.6094379124341005,1.0,0.0,1.0,5,0.2,5
479,"Which four letter word beginning with A is the name of a  god depicted as a bull, symbolising fertility and strength in war?",Apis,1,Amon,Amau,Astarte,Amaunator,Astarte,1.3321790402101223,0.9609640474436812,0.039035952556318754,0.9609640474436812,4,0.4,4
480,The dominant 14-18th century Oyo Empire of Nigeria was noted for the organizational abilities of the Yoruba people and what feature of its powerful army?,Cavalry,0,warrior tradition,cavalry,discipline,cavalry,militarism,1.3321790402101223,0.9609640474436812,0.039035952556318754,0.9609640474436812,4,0.4,4
481,In Roman Britain where was Vectis?,ISLE OF WIGHT,1,Isle of Man,Isle of Man,Isle of Man,Isle of Man,Isle of Man To: Isle of Man,0.5004024235381879,0.7219280948873623,0.2780719051126377,0.7219280948873623,2,0.8,2
482,On which river does Balmoral Castle stand?,River Dee,0,River Ness,NORTH SEA,River Dee,River Ness,River Dee,1.0549201679861442,0.9602297178607612,0.03977028213923883,0.9602297178607612,3,0.4,3
483,What medical term is used for an extreme life-threatening allergic reaction?,Anaphylaxis,0,Anaphylaxis,Anaphylaxis,Anaphylaxis,Anaphylaxis,Anaphylaxis,0.0,0.0,1.0,0.0,1,1.0,1
484,‘Life Thru a Lens’ was the first No. 1 album by which singer in 1997?,Robbie Williams,1,Janet Jackson,Shania Twain,Garth Brook,TLC,Shania Twain,1.3321790402101223,0.9609640474436812,0.039035952556318754,0.9609640474436812,4,0.4,4
485,What was Coco Chanel's real first name?,Gabrielle,0,Marcelle,Marcelle,Gabrielle,Gabrielle,Gabrielle,0.6730116670092565,0.9709505944546688,0.029049405545331197,0.9709505944546688,2,0.6,2
486,Who directed The Big Sleep and Gentlemen Prefer Blondes?,Howard Hawks,0,Howard Hawks,Howard Hawks,Howard Hawks,Howard Hawks,Howard Hawks,0.0,0.0,1.0,0.0,1,1.0,1
487,"Where is the Castillo de los Tres Reyes Magos del Morro designed by Italian engineer Juan Bautista Antonelli, and built in 1589?","The entrance to Havana bay in Havana, Cuba",1,"San Juan, Puerto Rico",Puerto Rico,Puerto Rico,Puerto Rico,Puerto Rico,0.5004024235381879,0.7219280948873623,0.2780719051126377,0.7219280948873623,2,0.8,2
488,"Which South Korean car company was bought by General Motors in 2001, its cars then being produced under the Chevrolet badge?",Daewoo,1,Hyundai,SsangYong,SsangYong,Kia,Kia,1.0549201679861442,0.9602297178607612,0.03977028213923883,0.9602297178607612,3,0.4,3
489,"""Whom did 'Sherlock Holmes' describe as """"The Napoleon of crime""""?""",PROFESSOR MORIARTY,1,Jack the Ripper,Charles Auguste Duveyrier,Professor James Moriarty,James Moriarty,James Moriarty,1.3321790402101223,0.9609640474436812,0.039035952556318754,0.9609640474436812,4,0.4,4
490,What ocean borders the US state of Georgia?,Atlantic,1,Atlantic Ocean,Atlantic Ocean,Atlantic Ocean,Atlantic Ocean,Atlantic Ocean,0.0,0.0,1.0,0.0,1,1.0,1
491,Which Elgar piece is dedicated ‘ to my friends pictured within’?,Enigma Variations,0,Enigma Variations,Enigma Variations,Salut d'Amour,Enigma Variations,Enigma Variations,0.5004024235381879,0.7219280948873623,0.2780719051126377,0.7219280948873623,2,0.8,2
492,Which Roman Emperor who ruled from 300-377 AD was the first to be converted to Christianity?,CONSTANTINE,1,Valerian,Valentinian I,Valentinian I,Gratian,Valerian,1.0549201679861442,0.9602297178607612,0.03977028213923883,0.9602297178607612,3,0.4,3
493,Anthony van Dyke was court painter of which English monarch?,King Charles I,1,James I,Elizabeth I,Elizabeth I,James I,James I,0.6730116670092565,0.9709505944546688,0.029049405545331197,0.9709505944546688,2,0.6,2
494,"As leader of the Teen Titans, ‘Robin’ aka Dick Grayson took on which other identity?",Nightwing,0,Nightwing,Jason Todd,Jason Todd,Nightwing,Nightwing,0.6730116670092565,0.9709505944546688,0.029049405545331197,0.9709505944546688,2,0.6,2
495,Charlotte is the largest city in the 'Tar Heel State'. Which state?,NORTH CAROLINA,0,North Carolina,North Carolina,North Carolina,North Carolina,North Carolina,0.0,0.0,1.0,0.0,1,1.0,1
496,What was the name of Scrooge's long suffering clerk in a Christmas Carol?,Bob Cratchit,0,Bob Cratchit,Bob Cratchit,Bob Cratchet,Bob Cratchit,Bob Cratchit,0.0,0.0,1.0,0.0,1,1.0,2
497,"What branch of the US Armed Forces, founded in 1790, trains its officers at its academy in New London, Ct?",U.S. Coast Guard,1,Marine Corps,Marine Corps,Marine Corps,Marine Corps,Marine Corps,0.0,0.0,1.0,0.0,1,1.0,1
498,What is the state capital of North Dakota?,Bismarck,0,Bismarck,Bismarck,Bismarck,Bismarck,Bismarck,0.0,0.0,1.0,0.0,1,1.0,1
499,"""What 1978 film featured the songs """"You're the One That I Want"""" and """"Born to Hand Jive""""?""",Grease,0,Grease,Grease,Grease,Grease,Grease,0.0,0.0,1.0,0.0,1,1.0,1
500,"What is the title of late actor Charlie Chaplin’s last completed film, launched in the UK in 1967?",A Countess From Hong Kong,1,The Little King,The Little King,3000 Pennys for Your Thought,The Little Tramp,The Little Tramp,1.0549201679861442,0.9602297178607612,0.03977028213923883,0.9602297178607612,3,0.4,3
