id,question,reference_answer,generated_answer,non_hallucination_probability,hallucination_probability,actual_label,semantic_entropy,normalized_entropy,semantic_consistency,semantic_hallucination_score,number_of_clusters,largest_cluster_ratio,unique_answer_count
1,Which theory states that 'people tend to rise to their own level of incompetence'?,PETER PRINCIPLE,Theory X,0.03589697312949569,0.9641030268705043,1,1.0549201679861442,0.9602297178607612,0.03977028213923883,0.9602297178607612,3,0.4,3
2,Which writer was the father of Christopher Robin?,A A MILNE,Christopher Robin Milne,0.07960748244650095,0.920392517553499,1,0.6730116670092565,0.9709505944546688,0.029049405545331197,0.9709505944546688,2,0.6,3
3,The Dance Class and Absinthe are famous works by which painter?,EDGAR DEGAS,Edvard Munch,0.18955230165614123,0.8104476983438588,1,1.3321790402101223,0.9609640474436812,0.039035952556318754,0.9609640474436812,4,0.4,4
4,Which American actor also performs with the band Dogstar?,Keanu Reeves,Will Ferrell,0.006140582467365041,0.993859417532635,1,1.6094379124341005,1.0,0.0,1.0,5,0.2,5
5,In which city was the British version of Concorde assembled,Bristol,Bournemouth,0.03260426067008981,0.9673957393299102,1,1.6094379124341005,1.0,0.0,1.0,5,0.2,5
6,What is taphophobia the fear of?,Graves,Taphophobia is the fear of death.,0.19344805194867865,0.8065519480513214,1,1.0549201679861442,0.9602297178607612,0.03977028213923883,0.9602297178607612,3,0.4,4
7,"Which bruising 19th century American, the last of the bare knuckle boxing heavyweight champions, was the first athlete to earn over one million dollars?",John L. Sullivan,John L. Sullivan,0.437577627900008,0.562422372099992,0,0.5004024235381879,0.7219280948873623,0.2780719051126377,0.7219280948873623,2,0.8,3
8,"Who was the merchant sea-captain who made the first American circumnavigation of the world in 1790, and is known for trading voyages to the northern Pacific coast of North America between 1790 and 1793, which pioneered the fur trade in that region?",Robert Gray,John Kendrick,0.15402668267760833,0.8459733173223917,1,1.3321790402101223,0.9609640474436812,0.039035952556318754,0.9609640474436812,4,0.4,4
9,"Situated in Piccadilly, what is the name of London’s oldest bookshop?",Hatchards,Bodley's Bookshop,0.05798663055285802,0.942013369447142,1,1.6094379124341005,1.0,0.0,1.0,5,0.2,5
10,What childhood stories feature a young boy named Mowgli?,The Jungle Book,The Jungle Book,0.74000098263758,0.25999901736242,0,0.0,0.0,1.0,0.0,1,1.0,2
11,What potent greenhouse gas is produced by the digestive systems of cattle?,Methane,Methane,0.5658384025450071,0.43416159745499294,0,0.0,0.0,1.0,0.0,1,1.0,1
12,"""Which bandleader was known as """"The sentimental gentleman of swing"""" because of his smooth trombone style?""",Tommy Dorsey,Glenn Miller,0.10572170637718448,0.8942782936228155,1,1.3321790402101223,0.9609640474436812,0.039035952556318754,0.9609640474436812,4,0.4,4
13,Which male Russian won the 100/200 metre double at the 1972 Olympics?,VALERIY BORZOV,Sergei Bubka,0.05741130341480005,0.9425886965852,1,0.5004024235381879,0.7219280948873623,0.2780719051126377,0.7219280948873623,2,0.8,3
14,Sir Ronald Ross was the first British winner of the Nobel Prize for Medicine in 1902 for his research in combating which disease?,Malaria,Malaria,0.6736709492292475,0.32632905077075247,0,0.0,0.0,1.0,0.0,1,1.0,1
15,Which painter married Hortense Fiquet and used her as the subject of many of his paintings?,PAUL CEZANNE,Jean-Honoré Fragonard,0.12310513985471083,0.8768948601452892,1,1.0549201679861442,0.9602297178607612,0.03977028213923883,0.9602297178607612,3,0.4,3
16,"On this day in 1993, in a UN backed referendum, Eritreans voted overwhelmingly in favour of independence from which country ?",ETHIOPIA,Ethiopia,0.796109714260945,0.20389028573905502,0,0.5004024235381879,0.7219280948873623,0.2780719051126377,0.7219280948873623,2,0.8,2
17,Which angel in Charlie's Angels was played by Jaclyn Smith,Kelly Garrett,Kelly Holmes,0.0015499706485223586,0.9984500293514776,1,1.6094379124341005,1.0,0.0,1.0,5,0.2,5
18,"Which country has borders with the Central African Republic, Sudan, Zambia, Angola, the Republic of the Congo, Uganda, Rwanda and Burundi (with Tanzania across Lake Tanganyika)?",Democratic Republic of the Congo,Democratic Republic of the Congo,0.42466092636045394,0.5753390736395461,0,0.0,0.0,1.0,0.0,1,1.0,1
19,"Which battle of 23 June, 1757, was a major victory for the British East India Company's troops over the Nawab of Bengal and his French allies?",The Battle of Plassey,Battle of Plassey,0.07211539830697355,0.9278846016930264,1,0.0,0.0,1.0,0.0,1,1.0,1
20,"In woodworking joints, what do you insert into your mortise?",Tenon,screw,0.41276850309415014,0.5872314969058499,1,0.0,0.0,1.0,0.0,1,1.0,1
21,"""What type of car was """"KITT"""" from the """"Knightrider"""" series?""",Pontiac Trans-Am,Sports car,0.13007461028517953,0.8699253897148205,1,1.0549201679861442,0.9602297178607612,0.03977028213923883,0.9602297178607612,3,0.4,3
22,In which year did Queen Elizabeth the Queen Mother die?,2002,2002,0.46326759824002006,0.5367324017599799,0,0.0,0.0,1.0,0.0,1,1.0,1
23,Name the two tiles with the highest score in Scrabble?,Q and Z,QZ,0.2238802028876391,0.7761197971123609,1,1.0549201679861442,0.9602297178607612,0.03977028213923883,0.9602297178607612,3,0.4,3
24,What was Orson Welles’ first film?,CITIZEN KANE,Citizen Kane,0.572817906010737,0.42718209398926293,0,1.0549201679861442,0.9602297178607612,0.03977028213923883,0.9602297178607612,3,0.4,3
25,"""According to the opening line of T.S. Eliot's poem 'The Wasteland', which is """"the cruellest month""""?""",APRIL,April,0.6290425770362011,0.37095742296379886,0,0.5004024235381879,0.7219280948873623,0.2780719051126377,0.7219280948873623,2,0.8,2
26,What are Ponte Vecchio and Pont Neuf?,Bridges,Bridges,0.5450716711924437,0.45492832880755635,0,0.0,0.0,1.0,0.0,1,1.0,1
27,Which year was renowned as ‘The Year of Revolutions’?,1848,1989,0.7568063583705897,0.24319364162941023,1,0.0,0.0,1.0,0.0,1,1.0,1
28,Who played the mad legless Captain Rum in the second series of Blackadder?,Tom Baker,Rowan Atkinson,0.2764513767889849,0.7235486232110151,1,1.3321790402101223,0.9609640474436812,0.039035952556318754,0.9609640474436812,4,0.4,4
29,"Which musical, for long entrenched at the Palace theatre in London, is currently running at the Queens theatre ?",LES MISERABLES,Matilda The Musical,0.09192338396102706,0.9080766160389729,1,1.3321790402101223,0.9609640474436812,0.039035952556318754,0.9609640474436812,4,0.4,4
30,"""What insect acts as the transmitting agent in the spread of the infectious disease """"Bubonic Plague""""?""",FLEA,Flea,0.42871614854741835,0.5712838514525816,0,0.9502705392332347,0.8649735207179272,0.1350264792820728,0.8649735207179272,3,0.6,3
31,Who was born Vera Margaret Welsh on 20th March 1917?,Vera Lynne,Vera Taylor,0.09540763485551929,0.9045923651444807,1,1.3321790402101223,0.9609640474436812,0.039035952556318754,0.9609640474436812,4,0.4,4
32,"Castor (or castoreum) is an oily substance secreted by which animal, and historically used in medicine and perfume?",Beaver,Castor (or castoreum) is an oily substance secreted by,0.8671697962389648,0.1328302037610351,1,0.9502705392332347,0.8649735207179272,0.1350264792820728,0.8649735207179272,3,0.6,3
33,Who did Jai McDowall beat in this years final of Britain's Got Talent?,Ronan Parke,Sophie Christianson,0.012721518389903985,0.987278481610096,1,1.3321790402101223,0.9609640474436812,0.039035952556318754,0.9609640474436812,4,0.4,5
34,The staging of what enormous annual Afro-Caribbean cultural gathering was put in doubt following the London riots of August 2011?,Notting Hill Carnival,Notting Hill Carnival,0.3458193379953196,0.6541806620046804,0,0.0,0.0,1.0,0.0,1,1.0,1
35,Kronos (or Cronus) was the Greek equivalent of which Roman god?,Saturn,Saturn,0.08021238211906234,0.9197876178809377,0,0.0,0.0,1.0,0.0,1,1.0,1
36,What was the capital of West Germany?,Bonn,Berlin,0.15616516796118796,0.843834832038812,1,0.5004024235381879,0.7219280948873623,0.2780719051126377,0.7219280948873623,2,0.8,2
37,In which year did the liner Queen Mary gain the blue riband on her maiden voyage?,1936,1936,0.06747421754100236,0.9325257824589976,0,0.0,0.0,1.0,0.0,1,1.0,1
38,'Simon Tappertit' appears in which novel by Charles Dickens?,'BARNABY RUDGE',Barnaby Rudge,0.6273420192447277,0.3726579807552724,0,0.0,0.0,1.0,0.0,1,1.0,1
39,"Which film starring Bill Murray includes the line Roses are red, violets are blue, I'm a schizophrenic and so am I?",What About Bob,Groundhog Day,0.18387967614508394,0.8161203238549161,1,1.3321790402101223,0.9609640474436812,0.039035952556318754,0.9609640474436812,4,0.4,4
40,What beer was advertised with the slogan Reach for Greatness,Bass,Yuengling,0.12309698860256935,0.8769030113974307,1,1.6094379124341005,1.0,0.0,1.0,5,0.2,5
41,"House, Hogline, Hacks and Button are all terms used in which sport?",Curling,Equestrian,0.14538994592204257,0.8546100540779574,1,0.9502705392332347,0.8649735207179272,0.1350264792820728,0.8649735207179272,3,0.6,3
42,What is the name of the policeman in The Noddy stories,P.C. Plod,Noddy,0.043709487520772417,0.9562905124792276,1,1.6094379124341005,1.0,0.0,1.0,5,0.2,5
43,"""Who is """"able to leap tall buildings in a single bound""""?""",Superman,Batman,0.41197987281228055,0.5880201271877195,1,0.5004024235381879,0.7219280948873623,0.2780719051126377,0.7219280948873623,2,0.8,2
44,"Name the popular writer, who died in 2010, and who rode the Queen Mother's horse Devon Loch when it inexplicably belly-flopped out of contention in the 1956 Grand National?",Dick Francis,Ericsson,0.011797599037341344,0.9882024009626587,1,1.3321790402101223,0.9609640474436812,0.039035952556318754,0.9609640474436812,4,0.4,4
45,During which year did the UK television series ‘Emmerdale Farm’ change its title to ‘Emmerdale’?,1989,1986,0.5584272425201764,0.4415727574798236,1,1.6094379124341005,1.0,0.0,1.0,5,0.2,5
46,What atmospheric layer is damaged by chlorofluorocarbons?,Ozone Layer,Stratosphere,0.04992532743988176,0.9500746725601182,1,0.5004024235381879,0.7219280948873623,0.2780719051126377,0.7219280948873623,2,0.8,2
47,In which country did Idi Amin settle and die after his exile from Uganda?,Saudi Arabia,Tanzania,0.10691991072604701,0.893080089273953,1,0.6730116670092565,0.9709505944546688,0.029049405545331197,0.9709505944546688,2,0.6,2
48,Which ancient relic was stolen by Scottish Activists from Westminster Abbey and returned to Scotland on Christmas day in 1950?,Stone of Scone,The Stone of Scone,0.07128285595508832,0.9287171440449117,1,1.3321790402101223,0.9609640474436812,0.039035952556318754,0.9609640474436812,4,0.4,4
49,The cha-cha-cha is a dance developed from the mambo in 1950 in which country?,CUBA,Cuba,0.47242900497157525,0.5275709950284247,0,0.0,0.0,1.0,0.0,1,1.0,1
50,Where in the body is the stapes bone?,EAR,Inner ear,0.26026731024715366,0.7397326897528463,1,0.5004024235381879,0.7219280948873623,0.2780719051126377,0.7219280948873623,2,0.8,3
51,For which minor sport do the USA and Europe compete annually for the Mosconi Cup?,POOL,Table tennis,0.19836239958121182,0.8016376004187882,1,1.6094379124341005,1.0,0.0,1.0,5,0.2,5
52,Nicky Morgan is the current Secretary of State of which Government Department?,Education,Department of Health,0.48495531722840146,0.5150446827715985,1,1.3321790402101223,0.9609640474436812,0.039035952556318754,0.9609640474436812,4,0.4,4
53,What is the art of decorating materials with marks resulting from the controlled application of a heated object?,Pyrography,Enameling,0.08800635351895081,0.9119936464810492,1,0.5004024235381879,0.7219280948873623,0.2780719051126377,0.7219280948873623,2,0.8,3
54,In which event did Amy Williams win a gold medal for Britain at the 2010 Winter Olympics?,Women’s skeleton,Shortest Answer: Shortest Answer: Shortest Answer: Shortest Answer,0.04339530204083675,0.9566046979591633,1,1.6094379124341005,1.0,0.0,1.0,5,0.2,5
55,What colour is the flesh of a lychee?,White,Red,0.37041414755701885,0.6295858524429812,1,0.9502705392332347,0.8649735207179272,0.1350264792820728,0.8649735207179272,3,0.6,3
56,"Which US singer has had albums called 'Daydream', 'Butterfly', 'Rainbow' and 'Glitter'?",Mariah Carey,Whitney Houston,0.09978697582352203,0.900213024176478,1,1.3321790402101223,0.9609640474436812,0.039035952556318754,0.9609640474436812,4,0.4,4
57,Who was Jessica Rabbit's husband?,Roger Rabbit,Bobo Rabbit,0.049123147318147486,0.9508768526818525,1,1.3321790402101223,0.9609640474436812,0.039035952556318754,0.9609640474436812,4,0.4,4
58,Which composer's music forms the basis of the ballet Pineapple Poll?,SULLIVAN,Aaron Copland,0.06589306781427584,0.9341069321857242,1,0.9502705392332347,0.8649735207179272,0.1350264792820728,0.8649735207179272,3,0.6,3
59,"Which singer appears as bar-owner 'JD' in the film 'Lock, Stock and two Smoking Barrels'?",Sting,Steve McQueen,0.09167293434305146,0.9083270656569485,1,1.3321790402101223,0.9609640474436812,0.039035952556318754,0.9609640474436812,4,0.4,4
60,"In the final Harry Potter novel, who becomes headmaster of Hogwarts School?",Severus Snape,Albus Dumbledore,0.5533191190597548,0.4466808809402452,1,0.0,0.0,1.0,0.0,1,1.0,2
61,Who wrote the play 'Private Lives'?,Noel Coward,Jean-Paul Sartre,0.18547686491888515,0.8145231350811148,1,0.9502705392332347,0.8649735207179272,0.1350264792820728,0.8649735207179272,3,0.6,3
62,In which North African country was Yves St. Laurent born as Henri Donat Mathieu?,Algeria,France,0.3753519992818303,0.6246480007181697,1,0.0,0.0,1.0,0.0,1,1.0,1
63,"In the George Orwell novel Animal Farm, what sort of animal was Napoleon ?",PIG,Pig,0.5206460927921088,0.47935390720789123,0,0.0,0.0,1.0,0.0,1,1.0,1
64,Who wrote the books ‘The Good Companions’ and ‘An Inspector Calls’?,J.B. Priestly,George Bernard Shaw,0.0936944793217852,0.9063055206782148,1,1.0549201679861442,0.9602297178607612,0.03977028213923883,0.9602297178607612,3,0.4,3
65,"Which nickname was given to the American WWII general, George Patton?",BLOOD and GUTS,Old Blood and Guts,0.7025500952470024,0.2974499047529976,1,0.5004024235381879,0.7219280948873623,0.2780719051126377,0.7219280948873623,2,0.8,2
66,What language did the Pennsylvania Dutch speak?,German,German,0.625773412078152,0.3742265879218481,0,0.0,0.0,1.0,0.0,1,1.0,1
67,Which Indian tribe did Sitting Bull belong to?,Sioux,Hunkpapa Lakota,0.7136307074910282,0.28636929250897186,1,1.0549201679861442,0.9602297178607612,0.03977028213923883,0.9602297178607612,3,0.4,3
68,"On this day, 8th November, which famous poet who was blind in his later years, died in his home in London in 1647?",JOHN MILTON,John Milton,0.7042616514846591,0.29573834851534087,0,0.0,0.0,1.0,0.0,1,1.0,1
69,"The wood from which common tree was traditionally used to make tennis racquets, snooker cues and hockey sticks",Ash,Willow,0.3459101421172106,0.6540898578827894,1,0.0,0.0,1.0,0.0,1,1.0,2
70,Who was the son of King John and Isabella of Angoulme who became King of England when 9 years old?,Henry III,Richard II,0.16095502041503862,0.8390449795849614,1,0.9502705392332347,0.8649735207179272,0.1350264792820728,0.8649735207179272,3,0.6,3
71,"Which country was proclaimed a republic in 1867, following the withdrawal of the French administration and the execution of Emperor Ferdinand Maximilian?",Mexico,Mexico,0.500317616955383,0.499682383044617,0,0.5004024235381879,0.7219280948873623,0.2780719051126377,0.7219280948873623,2,0.8,2
72,Which Grand Slam tournament uses the distinctive serving pose of the Swedish player Stefan Edberg on its logo?,Australian Open,Australian Open,0.07623700341069994,0.9237629965893001,0,0.6730116670092565,0.9709505944546688,0.029049405545331197,0.9709505944546688,2,0.6,2
73,Who acceded the English throne after the death of Edward III?,RICHARD II,Richard II,0.7184294444415431,0.28157055555845695,0,0.0,0.0,1.0,0.0,1,1.0,1
74,"What Latin term is used to mean 'word for word', or 'exactly the same words'?",Verbatim,Verbatim,0.042445958757944546,0.9575540412420555,0,0.6730116670092565,0.9709505944546688,0.029049405545331197,0.9709505944546688,2,0.6,4
75,The green jersey is worn by the Tour de France's?,Best sprinter,General classification leader,0.38258156812031663,0.6174184318796834,1,0.6730116670092565,0.9709505944546688,0.029049405545331197,0.9709505944546688,2,0.6,2
76,How many apostles are there in the painting ‘The Last Supper’ by Leonardo da Vinci?,12,Twelve,0.08678785588794957,0.9132121441120504,1,0.0,0.0,1.0,0.0,1,1.0,1
77,In which country did the Contras battle the Sandinistas throughout most of the 1980s?,Nicaragua,Nicaragua,0.6396015030883411,0.3603984969116589,0,0.0,0.0,1.0,0.0,1,1.0,1
78,"""Who starred as AC Slater in """"Saved by the Bell""""?""",Mario Lopez,Slater,0.13651476162723297,0.863485238372767,1,1.0549201679861442,0.9602297178607612,0.03977028213923883,0.9602297178607612,3,0.4,3
79,"In May 2009, Millvina Dean died aged 97. She was the last survivor of which historic event?",The sinking of the Titanic,Titanic,0.4232236151836869,0.5767763848163131,1,0.0,0.0,1.0,0.0,1,1.0,4
80,What country do Legos come from originally?,Denmark,Denmark,0.676707490727604,0.32329250927239594,0,0.0,0.0,1.0,0.0,1,1.0,1
81,Which was the 50th and last state to become part of the USA?,Hawaii,Hawaii,0.5031887152140228,0.49681128478597725,0,0.0,0.0,1.0,0.0,1,1.0,1
82,"Who wrote the music for 'Billy Elliot, The Musical'?",ELTON JOHN,Elton John,0.28563902418513887,0.7143609758148611,0,0.0,0.0,1.0,0.0,1,1.0,1
83,"Seals, sea lions and walrus belong to which suborder of manunals?",PINNIPEDIA,Pinnipedia,0.7885748515411231,0.21142514845887692,0,0.0,0.0,1.0,0.0,1,1.0,1
84,"Held just outside Bridgeville, DE, Friday marks the start of the world championship in the art of throwing what for distance, using classes such as Air, Centrifugal, Catapult, Trebuchet, and Human Powered?",Pumpkins,Javelin,0.4726360345898034,0.5273639654101966,1,0.9502705392332347,0.8649735207179272,0.1350264792820728,0.8649735207179272,3,0.6,3
85,How are comedians Paul & Barry Elliot better known?,THE CHUCKLE BROTHERS,Paul & Barry Elliot are better known as The Two Escapists,0.016876730671990803,0.9831232693280092,1,1.3321790402101223,0.9609640474436812,0.039035952556318754,0.9609640474436812,4,0.4,4
86,Which Greek goddess is the muse of erotic poetry?,Erato,Eros,0.4482237188653152,0.5517762811346848,1,0.6730116670092565,0.9709505944546688,0.029049405545331197,0.9709505944546688,2,0.6,2
87,What was the name of the dog in Enid Blighton's Famous Five books?,Timmy.,Timmy,0.07666073200254109,0.9233392679974589,0,1.0549201679861442,0.9602297178607612,0.03977028213923883,0.9602297178607612,3,0.4,4
88,What dangerous type of horse race involves jumping over various fences and ditches?,Steeplechase,Jumping,0.08488451272907105,0.915115487270929,1,0.9502705392332347,0.8649735207179272,0.1350264792820728,0.8649735207179272,3,0.6,3
89,A pride is a group of what type of animal?,Lion,Lion,0.3561401393240544,0.6438598606759456,0,0.9502705392332347,0.8649735207179272,0.1350264792820728,0.8649735207179272,3,0.6,3
90,The Cantonese/Chinese dish 'foo yong' (also 'fu young') is similar to?,Omelette,dim sum,0.1368513453660275,0.8631486546339725,1,0.5004024235381879,0.7219280948873623,0.2780719051126377,0.7219280948873623,2,0.8,2
91,"Prudhoe Bay Oil Field, the largest in North America, is in which US state?",ALASKA,Alaska,0.21620346503760413,0.7837965349623959,0,0.0,0.0,1.0,0.0,1,1.0,1
92,"What is a large semi-aquatic rodent native to Canada, much of the United States, and parts of northern Mexico that constructs homes out of sticks, twigs, and mud in lakes or streams?",Beaver,beaver,0.5399582494481664,0.4600417505518336,0,0.0,0.0,1.0,0.0,1,1.0,1
93,The Biba boutiques were at the heart of swinging London and at one time had the highest turnover of any British retail company. Who founded and ran Biba?,Barbara Hulanicki,Ossie Clark,0.5739620654140791,0.42603793458592093,1,0.5004024235381879,0.7219280948873623,0.2780719051126377,0.7219280948873623,2,0.8,2
94,Mjosa (more precisely Mjøsa) is the largest lake of which country?,Norway,Norway,0.1241823122823883,0.8758176877176117,0,0.0,0.0,1.0,0.0,1,1.0,1
95,Which US President was known as 'The Rail-Splitter' and 'The Great Emancipator'?,ABRAHAM LINCOLN,Abraham Lincoln,0.6478204211761527,0.35217957882384726,0,0.0,0.0,1.0,0.0,1,1.0,1
96,Which London museum occupies part of the old Bethlehem Royal Hospital?,IMPERIAL WAR MUSEUM,The Museum of London Hospital,0.19699617350516563,0.8030038264948344,1,1.3321790402101223,0.9609640474436812,0.039035952556318754,0.9609640474436812,4,0.4,4
97,What is the flavour of the liqueur Amaretto?,Almond,almond,0.42928949508043523,0.5707105049195648,0,0.5004024235381879,0.7219280948873623,0.2780719051126377,0.7219280948873623,2,0.8,2
98,How often is the Oberammergau Passion Play performed?,EVERY TEN YEARS,annually,0.331041102456199,0.668958897543801,1,0.0,0.0,1.0,0.0,1,1.0,1
99,Whose cottage is on the left of the Constable painting The Hay Wain?,WILLY LOTT,Turner's,0.5133252022384908,0.48667479776150924,1,0.0,0.0,1.0,0.0,1,1.0,1
100,‘Wot a lot I got’ was the advertising slogan for which confectionery items?,Smarties,Smarties,0.07359561400177961,0.9264043859982204,0,1.0549201679861442,0.9602297178607612,0.03977028213923883,0.9602297178607612,3,0.4,4
101,What is a cricket umpire signalling when he holds out one arm horizontally?,No Ball,wide,0.05898774904395221,0.9410122509560478,1,0.5004024235381879,0.7219280948873623,0.2780719051126377,0.7219280948873623,2,0.8,3
102,"What is a mixture of saturated aliphatic and alicyclic C7 to C12 hydrocarbons with a maximum content of 25% of C7 to C12 alkyl aromatic hydrocarbons, which is used as an extraction, cleaning and degreasing solvent, and as a solvent in aerosols, paints, wood preservatives, lacquers, varnishes, and asphalt products?",White spirit,Solvent Blend 3000,0.028928773709007594,0.9710712262909924,1,1.6094379124341005,1.0,0.0,1.0,5,0.2,5
103,Who won the World Darts Championship 4 times in the 1980s?,Eric Bristow,Phil Taylor,0.20364067133054742,0.7963593286694526,1,1.3321790402101223,0.9609640474436812,0.039035952556318754,0.9609640474436812,4,0.4,4
104,"Which river rises on the Tibetan Plateau, flows northwest and then south and southwest to enter the Arabian Gulf in the Seven Rivers area south of Karachi?",INDUS,Indus River,0.21786933661248165,0.7821306633875184,1,0.5004024235381879,0.7219280948873623,0.2780719051126377,0.7219280948873623,2,0.8,2
105,In which city is the HQ of Volkswagen cars?,Wolfsburg,Wolfsburg,0.509672421090832,0.490327578909168,0,0.5004024235381879,0.7219280948873623,0.2780719051126377,0.7219280948873623,2,0.8,2
106,"""Which American pop singer/songwriter who won the first season of the television series American Idol in 2002 won two Grammy Awards in 2006 - for her album """"Breakaway"""" and the single """"Since U Been Gone""""?""",Kelly Clarkson,Kelly Clarkson,0.4637286455298967,0.5362713544701033,0,0.0,0.0,1.0,0.0,1,1.0,1
107,"The wreck of which warship, one of the largest in the English navy of King Henry VIII in the first half of the 16th century, was rediscovered in 1971 and salvaged in October 1982?",Mary Rose,Mary Rose,0.6055675934531636,0.3944324065468364,0,0.5004024235381879,0.7219280948873623,0.2780719051126377,0.7219280948873623,2,0.8,2
108,What seven-letter word means “A Russian tea urn”?,samovar,samovar,0.24238479362439513,0.7576152063756049,0,0.0,0.0,1.0,0.0,1,1.0,1
109,What are the first names of David and Victoria Beckham’s daughter?,Harper Seven,Brooklyn,0.20873338768987115,0.7912666123101288,1,0.0,0.0,1.0,0.0,1,1.0,1
110,"Which Roman writer, best known for his Natural History (Naturalis Historic), died during the eruption of Vesuvius in 79AD?",Pliny,Pliny the Elder,0.598653920009794,0.401346079990206,1,0.0,0.0,1.0,0.0,1,1.0,1
111,"Gary Numan, Cliff Richard and Crystal Gayle were all born with which surname?",Webb,Numan,0.10032369561517995,0.89967630438482,1,0.9502705392332347,0.8649735207179272,0.1350264792820728,0.8649735207179272,3,0.6,3
112,"Because it was worn by recently freed slaves in Ancient Rome, what cap became the symbol of liberty?",Pileus,Phrygian cap,0.7179367872850426,0.2820632127149573,1,0.0,0.0,1.0,0.0,1,1.0,1
113,"What form of bridge is Tower Bridge, London?",Bascule,Tower Bridge is a bascule bridge.,0.18907841005456316,0.8109215899454368,1,1.0549201679861442,0.9602297178607612,0.03977028213923883,0.9602297178607612,3,0.4,5
114,"Published in 2011, 'The House of Silk' is the first new official Sherlock Holmes mystery and was written by which author who has won many awards for his children's books?",ANTHONY HOROWITZ,Alex Rider,0.06101999983762607,0.9389800001623739,1,1.6094379124341005,1.0,0.0,1.0,5,0.2,5
115,Harrison Ford was working as what before his first big break as a film actor?,Carpenter,stuntman,0.026410788887277215,0.9735892111127228,1,1.3321790402101223,0.9609640474436812,0.039035952556318754,0.9609640474436812,4,0.4,4
116,What type of animal is a shell-less gastropod?,Slug,Snail,0.2568575989348135,0.7431424010651865,1,0.5004024235381879,0.7219280948873623,0.2780719051126377,0.7219280948873623,2,0.8,3
117,"The Finch family of Maycomb, Alabama feature in which 1960 novel?",To Kill A Mockingbird,To Kill a Mockingbird,0.5672815796505455,0.4327184203494545,0,0.0,0.0,1.0,0.0,1,1.0,1
118,"Which Venetian artist, real name Jacopo Robusti, painted “The Origin of the Milky Way”?",Tintoretto,Jacopo Robusti Passignano,0.07289033643192544,0.9271096635680746,1,1.3321790402101223,0.9609640474436812,0.039035952556318754,0.9609640474436812,4,0.4,4
119,To which James Bond film did Nancy Sinatra sing the theme tune?,You Only Live Twice,You Only Live Twice,0.42611725667871714,0.5738827433212829,0,0.0,0.0,1.0,0.0,1,1.0,1
120,Which American President was the teddy bear named after?,Theodore Roosevelt,Teddy Roosevelt,0.7775523076619176,0.2224476923380824,1,0.0,0.0,1.0,0.0,1,1.0,1
121,What country had the Roman name Hibernia?,Ireland,Ireland,0.13711950141659335,0.8628804985834067,0,0.0,0.0,1.0,0.0,1,1.0,1
122,Who won a Gold Medal for Britain in the men’s 100 metres at the 1992 Summer Olympic Games in Barcelona?,Linford Christie,Colin Jackson,0.3050701651152935,0.6949298348847065,1,0.5004024235381879,0.7219280948873623,0.2780719051126377,0.7219280948873623,2,0.8,2
123,Which was the second city to host the modern Olympic Games?,PARIS,Athens,0.05171828666002409,0.9482817133399759,1,0.0,0.0,1.0,0.0,1,1.0,2
124,The White Stripes 2003 hit single I Just Don't Know What To Do With Myself was originally a hit in 1964 for which female singer?,Dusty Springfield,Etta James,0.08245069103395242,0.9175493089660476,1,0.9502705392332347,0.8649735207179272,0.1350264792820728,0.8649735207179272,3,0.6,3
125,"Coriolanus Snow, Peeta Mellark and Haymitch Abernathy are characters in which series of books?",The Hunger Games,Hunger Games,0.12382447420725884,0.8761755257927412,1,0.0,0.0,1.0,0.0,1,1.0,3
126,"What American boxer, who celebrated his birthday on Monday, is the first in history to win 5 world titles in 5 different weight classes, and was nicknamed The Motor City Cobra or The Hitman?",Thomas Hearns,Mike Tyson,0.13963652489596956,0.8603634751040304,1,1.0549201679861442,0.9602297178607612,0.03977028213923883,0.9602297178607612,3,0.4,3
127,Which country is the world's largest producer of rice?,China,China,0.5380253872633899,0.4619746127366101,0,1.3321790402101223,0.9609640474436812,0.039035952556318754,0.9609640474436812,4,0.4,4
128,"Starting in Hong Kong and digging directly through the center of the Earth, in what country would you emerge?",Argentina,Mongolia,0.17329541756857325,0.8267045824314267,1,0.9502705392332347,0.8649735207179272,0.1350264792820728,0.8649735207179272,3,0.6,3
129,"""Which TV character had the catchphrase """"Listen very carefully; I shall say zis only once""""?""",Michelle,Yogi Bear,0.1695380224181382,0.8304619775818618,1,1.3321790402101223,0.9609640474436812,0.039035952556318754,0.9609640474436812,4,0.4,4
130,Who is the only member of Winston Churchill’s Government (a Parliamentary Secretary of Agriculture) who is still alive (95 years)?,LORD CARRINGTON,Leonard Sturrock,0.010774321497780459,0.9892256785022195,1,1.6094379124341005,1.0,0.0,1.0,5,0.2,5
131,"Chartwell, the former home of Winston Churchill is in which county?",Kent,Kent,0.5284143103039932,0.4715856896960068,0,0.0,0.0,1.0,0.0,1,1.0,1
132,What musical instrument has the nickname 'the devil's box'?,Violin,harmonica,0.1657169003238138,0.8342830996761862,1,1.6094379124341005,1.0,0.0,1.0,5,0.2,5
133,In which country is Verdi's opera 'Aida' set?,EGYPT,Egypt,0.10745535008434082,0.8925446499156592,0,0.5004024235381879,0.7219280948873623,0.2780719051126377,0.7219280948873623,2,0.8,2
134,Who is the Greek God of wine?,Dionysus,Dionysus,0.11562870705887274,0.8843712929411273,0,0.0,0.0,1.0,0.0,1,1.0,1
135,"Chequers, the Prime Minister's country residence, is in which English county?",Buckinghamshire,Buckinghamshire,0.11637934762101154,0.8836206523789885,0,0.5004024235381879,0.7219280948873623,0.2780719051126377,0.7219280948873623,2,0.8,2
136,"""Who is most likely to perform a """"pas de deux""""?""",Ballet dancer,Dancers,0.38219432086562355,0.6178056791343765,1,0.0,0.0,1.0,0.0,1,1.0,1
137,Which American General later President won the Battle of Horseshoe Bend?,ANDREW JACKSON,Andrew Jackson,0.6116795321304083,0.3883204678695918,0,0.0,0.0,1.0,0.0,1,1.0,1
138,Which amendment to the U.S. Constitution ended slavery?,13th,Thirteenth Amendment,0.5176664234182047,0.4823335765817954,1,0.0,0.0,1.0,0.0,1,1.0,1
139,Who played Nick Fury in the made for TV movie of the same name?,David Hasselhoff,Samuel L. Jackson,0.34109803050541754,0.6589019694945825,1,0.5004024235381879,0.7219280948873623,0.2780719051126377,0.7219280948873623,2,0.8,2
140,Who was the first female singer with two UK million selling singles?,CELINE DION,Shirley Bassey,0.01457477554537534,0.9854252244546247,1,1.6094379124341005,1.0,0.0,1.0,5,0.2,5
141,In which sport did Dave Prowse ('Darth Vader') represent England at the 1962 Commonwealth Games?,WEIGHTLIFTING,Rugby,0.1030768407798418,0.8969231592201582,1,0.5004024235381879,0.7219280948873623,0.2780719051126377,0.7219280948873623,2,0.8,2
142,What was the original UK name of the chocolate bar which de-anglicised its name in 2006?,Dime,Kit KAT,0.02069359262393311,0.9793064073760669,1,1.3321790402101223,0.9609640474436812,0.039035952556318754,0.9609640474436812,4,0.4,4
143,Whirligig and Longhorn are types of which creature?,BEETLE,Butterflies,0.3878905126000436,0.6121094873999564,1,0.9502705392332347,0.8649735207179272,0.1350264792820728,0.8649735207179272,3,0.6,3
144,"Pearl Roundabout was the scene of political protests during 2011, in which country is it?",Bahrain,Bahrain,0.6459268931526868,0.3540731068473132,0,0.0,0.0,1.0,0.0,1,1.0,1
145,The Costa Smeralda (or Emerald Coast) is a feature of which Mediterranean island?,SARDINIA,Sardinia,0.4216718887425598,0.5783281112574402,0,0.0,0.0,1.0,0.0,1,1.0,1
146,Who was the mother of King Henry VI of England ?,CATHERINE OF VALOIS,Margaret of Anjou,0.6137266842142284,0.3862733157857716,1,0.0,0.0,1.0,0.0,1,1.0,1
147,Which French king was the husband of Marie Antoinette?,King Louis XVI,Louis XVI,0.49132889671717206,0.5086711032828279,1,0.0,0.0,1.0,0.0,1,1.0,1
148,"""""""The Last Man In Europe"""" was the working title of which novel?""",1984,The Night of the Scorpion,0.0821624462843118,0.9178375537156882,1,1.3321790402101223,0.9609640474436812,0.039035952556318754,0.9609640474436812,4,0.4,4
149,Tataouine in Tunisia was the setting for many scenes in the movies of which blockbuster franchise?,Star Wars franchise,Mad Max franchise,0.020820815801037562,0.9791791841989624,1,0.9502705392332347,0.8649735207179272,0.1350264792820728,0.8649735207179272,3,0.6,4
150,Edward Fairfax Rochester is a character in which 19th century novel?,JANE EYRE,Jane Eyre,0.6909082177489252,0.3090917822510748,0,0.0,0.0,1.0,0.0,1,1.0,1
151,The Inverted Jenny depicts an upside down plane and is worth almost a million dollars. What is it?,a Stamp,Postage stamp,0.13611863604412533,0.8638813639558747,1,1.0549201679861442,0.9602297178607612,0.03977028213923883,0.9602297178607612,3,0.4,4
152,What is the name of the wizard who runs the Hogwarts School of Witchcraft and Wizardry in the Harry Potter books and films?,Dumbledore,Albus Dumbledore,0.2952783527605185,0.7047216472394815,1,0.0,0.0,1.0,0.0,1,1.0,1
153,Newport on the Isle of Wight stands on which river?,The Medina,River Medina,0.2299030915423642,0.7700969084576358,1,0.9502705392332347,0.8649735207179272,0.1350264792820728,0.8649735207179272,3,0.6,3
154,"Officially designated the M9, what was the unofficial name of the shoulder fired rocket deployed by US soldiers during WWII?",Bazooka,Bazooka,0.041684267832939215,0.9583157321670608,0,0.9502705392332347,0.8649735207179272,0.1350264792820728,0.8649735207179272,3,0.6,3
155,"What is claimed to be the fastest bird in level flight, (though its record is in dispute from supporters of the White-throated Needletail)?",Red-breasted Merganser,White-throated Needletail,0.026763303846807807,0.9732366961531922,1,0.0,0.0,1.0,0.0,1,1.0,1
156,Who along with Philips developed the CD in the late 70s?,Sony,Sony,0.0405254490373711,0.9594745509626289,0,1.6094379124341005,1.0,0.0,1.0,5,0.2,5
157,"Shrimps, barnacles, scorpions, spiders, etc., all belong to which phylum?",Arthropods,Arthropoda,0.8269574937959275,0.1730425062040725,1,0.0,0.0,1.0,0.0,1,1.0,1
158,Colomba Pasquale (or Easter Dove) is a traditional Easter cake which originated from which country?,Italy,Italy,0.43075879024093866,0.5692412097590613,0,0.0,0.0,1.0,0.0,1,1.0,1
159,Who wrote the play Arms and the Man?,GEORGE BERNARD SHAW,George Bernard Shaw,0.6902291752976142,0.30977082470238587,0,0.0,0.0,1.0,0.0,1,1.0,1
160,"""The first rule of fight club is you do not talk about fight club"". What is the second rule?",You DO NOT talk about Fight Club!,None,0.01369391711238932,0.9863060828876107,1,1.3321790402101223,0.9609640474436812,0.039035952556318754,0.9609640474436812,4,0.4,4
161,What is the chemical symbol for sodium,Na,Na,0.21218406575919702,0.787815934240803,0,0.0,0.0,1.0,0.0,1,1.0,1
162,What type of creature is a lumpsucker?,Fish,Fish,0.2329997740432287,0.7670002259567713,0,0.0,0.0,1.0,0.0,1,1.0,1
163,In which sport is the Uber Cup presented?,Badminton,Badminton,0.7928098977554145,0.20719010224458542,0,0.0,0.0,1.0,0.0,1,1.0,1
164,"In humans, the right lung is divided into how many lobes?",Three,3,0.6496090384689407,0.3503909615310593,1,0.0,0.0,1.0,0.0,1,1.0,1
165,Harrisburg is the capital of which US state?,Pennsylvania,Pennsylvania,0.2571044035185329,0.7428955964814671,0,0.0,0.0,1.0,0.0,1,1.0,1
166,"Vanessa Vankorn represented Thailand in a skiing event at the 2014 Winter Olympic Games, under what professional name is she better known?",Vanessa-Mae,Vankorn,0.08197452355637747,0.9180254764436225,1,0.5004024235381879,0.7219280948873623,0.2780719051126377,0.7219280948873623,2,0.8,3
167,Which was the first National Park in the United States of America?,YELLOWSTONE,Yellowstone National Park,0.5911193602025994,0.40888063979740064,1,0.5004024235381879,0.7219280948873623,0.2780719051126377,0.7219280948873623,2,0.8,2
168,Which English city is the setting for the film 'East Is East'?,SALFORD,Birmingham,0.36518895006037866,0.6348110499396213,1,1.0549201679861442,0.9602297178607612,0.03977028213923883,0.9602297178607612,3,0.4,3
169,What city was the sewerage system built by Sir Joseph Bazalgette in the late 19th century designed to serve?,"London, UK",London,0.46793611809214486,0.5320638819078551,1,0.0,0.0,1.0,0.0,1,1.0,1
170,What is the currency of Malaysia?,RINGGIT,Ringgit,0.4095628994531916,0.5904371005468084,0,0.5004024235381879,0.7219280948873623,0.2780719051126377,0.7219280948873623,2,0.8,2
171,How are Felix Ungar and Oscar Madison described in the title of a play by Neil Simon?,THE ODD COUPLE,mismatched,0.11108616964351192,0.8889138303564881,1,0.9502705392332347,0.8649735207179272,0.1350264792820728,0.8649735207179272,3,0.6,3
172,In which town or city is the University of Abertay?,Dundee,Dundee,0.6539261495671695,0.3460738504328305,0,0.0,0.0,1.0,0.0,1,1.0,1
173,Where do littoral creatures live?,Shoreline,littoral,0.23975443830429755,0.7602455616957025,1,0.0,0.0,1.0,0.0,1,1.0,1
174,"What is Niccolo Machiavelli's famously fascinating book on the art of political leadership, published in 1532?",The Prince,The Prince,0.389347494176582,0.610652505823418,0,0.0,0.0,1.0,0.0,1,1.0,1
175,"""What novel, alternatively entitled """"There and Back Again"""", is a fantasy novel by J R R Tolkien, published in September 1937?""",The Hobbit,The Lord of the Rings,0.5733694394165005,0.4266305605834994,1,0.0,0.0,1.0,0.0,1,1.0,1
176,"In Scotland, Burns Night is celebrated during which month of the year?",January,January,0.1270892013602375,0.8729107986397625,0,0.0,0.0,1.0,0.0,1,1.0,1
177,Mary Anne Evans was the real name of which famous novelist?,GEORGE ELIOT,George Eliot,0.6114231529969025,0.38857684700309747,0,0.0,0.0,1.0,0.0,1,1.0,1
178,What is the common name for a lepidoptera pupa and its silky cocoon?,Chrysalis,silk worm,0.0909963417366555,0.9090036582633445,1,0.5004024235381879,0.7219280948873623,0.2780719051126377,0.7219280948873623,2,0.8,3
179,Which artist painted a portrait of Sir Winston Churchill that was later destroyed by Lady Churchill?,GRAHAM SUTHERLAND,Francis Bacon,0.08928217411903816,0.9107178258809618,1,1.6094379124341005,1.0,0.0,1.0,5,0.2,5
180,Who was chairman of the Watergate hearings?,Sam Ervin,Sam J. Ervin Jr.,0.0685503806450416,0.9314496193549584,1,1.6094379124341005,1.0,0.0,1.0,5,0.2,5
181,“When You Wish Upon a Star” was recorded for what classic Disney film?,Pinocchio,Pinocchio,0.6463075538194563,0.35369244618054374,0,0.0,0.0,1.0,0.0,1,1.0,1
182,Which Prime Minister signed the Common Market membership treaty?,EDWARD HEATH,Jacques Delors,0.2782755444777114,0.7217244555222886,1,0.9502705392332347,0.8649735207179272,0.1350264792820728,0.8649735207179272,3,0.6,3
183,Of Mice And Men is a novel by which American novelist?,John Steinbeck,John Steinbeck,0.5162282242121519,0.4837717757878482,0,0.0,0.0,1.0,0.0,1,1.0,1
184,In which year was the Panama Canal opened?,1914,1914,0.7882349412138103,0.21176505878618967,0,0.0,0.0,1.0,0.0,1,1.0,1
185,"Where, 25 miles West of Knoxville, Tennessee, was an Atomic Bomb Research Station set up in 1942?",Oak Ridge,Y-12,0.40156475209890563,0.5984352479010944,1,0.6730116670092565,0.9709505944546688,0.029049405545331197,0.9709505944546688,2,0.6,3
186,Which country lies between Zimbabwe and the sea,Mozambique,Mozambique,0.7692065949747089,0.23079340502529108,0,0.5004024235381879,0.7219280948873623,0.2780719051126377,0.7219280948873623,2,0.8,2
187,"Serbian Pule cheese, said to be the world's most expensive is made from the milk of what animal",Donkey,goat,0.3064197086222973,0.6935802913777027,1,0.6730116670092565,0.9709505944546688,0.029049405545331197,0.9709505944546688,2,0.6,2
188,Hamelin is on which river?,Weser,Ems,0.0065574921925620755,0.9934425078074379,1,0.9502705392332347,0.8649735207179272,0.1350264792820728,0.8649735207179272,3,0.6,4
189,Henrietta Maria was the French wife of which British monarch?,King Charles I,Charles I,0.47273166195004956,0.5272683380499504,1,0.0,0.0,1.0,0.0,1,1.0,1
190,With which athletics field event is Jan Zelezny associated?,Javelin,high jump,0.07789713468137949,0.9221028653186205,1,0.0,0.0,1.0,0.0,1,1.0,1
191,What is the name of the effect that deflects winds and currents as a result of the Earth's rotation?,The Coriolus Effect,Coriolis effect,0.5800202072677108,0.4199797927322893,1,0.0,0.0,1.0,0.0,1,1.0,1
192,"""In which Shakespeare comedy does 'Theseus' speak the opening line: """"Now fair Hippolyta, our nuptial hour draws apace""""?""",'A MIDSUMMER NIGHT'S DREAM',A Midsummer Night's Dream,0.5595911620167924,0.44040883798320757,0,0.0,0.0,1.0,0.0,1,1.0,1
193,William Howard Russell became famous as what during the Crimean War?,War Correspondent,war correspondent,0.5738282858968095,0.42617171410319055,0,0.0,0.0,1.0,0.0,1,1.0,1
194,The global collection of what is stored in a vault in Svalbard on the Norwegian island of Spitsbergen?,Seeds,DNA,0.560294460722436,0.439705539277564,1,0.9502705392332347,0.8649735207179272,0.1350264792820728,0.8649735207179272,3,0.6,3
195,Which Scottish loch is the largest in area?,Loch Lomond,Loch Lomond,0.6445499177444575,0.35545008225554253,0,0.0,0.0,1.0,0.0,1,1.0,1
196,"What is the surname of Aleksandr, the chief meerkat in the comparethemarket.com ads?",Orlov,Meerkat,0.1263588166432429,0.8736411833567571,1,0.9502705392332347,0.8649735207179272,0.1350264792820728,0.8649735207179272,3,0.6,3
197,"What Swiss psychologist conceived 'extraversion' and 'introversion', and personality tendencies of intuition, sensing, feeling and thinking?",Carl Jung,Carl Jung,0.3197694996871253,0.6802305003128747,0,0.0,0.0,1.0,0.0,1,1.0,1
198,"""In the USA between 1852 and 1883, who were Reelfoot Williams, Tom Bell, Rattlesnake Dick and Charles Bolles (a.k.a. """"Black Bart"""")?""",Stagecoach robbers,Outlaws,0.3312070080392173,0.6687929919607827,1,0.0,0.0,1.0,0.0,1,1.0,1
199,"In 2003, which planet passed 55.76 million km from earth, the closest since the Stone Age?",Mars,Mars,0.5342982626267199,0.46570173737328013,0,0.9502705392332347,0.8649735207179272,0.1350264792820728,0.8649735207179272,3,0.6,3
200,Six of the world's top ten highest waterfalls are in which country?,NORWAY,Nepal,0.07880747093894724,0.9211925290610528,1,1.3321790402101223,0.9609640474436812,0.039035952556318754,0.9609640474436812,4,0.4,4
201,What was the name for a form of stencil duplicator used for making numerous copies of a document?,Mimeograph,Photocopier,0.08669885990977944,0.9133011400902206,1,1.0549201679861442,0.9602297178607612,0.03977028213923883,0.9602297178607612,3,0.4,4
202,What links the ship Dr Crippen was caught on in 1910 and a coastal resort town in Scotland?,Montrose,Loch Lomond,0.02820501043079071,0.9717949895692093,1,1.6094379124341005,1.0,0.0,1.0,5,0.2,5
203,Which pair of time travellers declared Joan of Arc was the wife of Noah?,Bill and Ted,Boudicca and Vortigern,0.04199286156369675,0.9580071384363033,1,1.6094379124341005,1.0,0.0,1.0,5,0.2,5
204,In which sea is the Great Barrier Reef?,Coral Sea,Indian Ocean,0.07084828404921839,0.9291517159507816,1,0.9502705392332347,0.8649735207179272,0.1350264792820728,0.8649735207179272,3,0.6,3
205,"Which large-flowered plant is named after Paeon/Paean, Greek god of medicine and healing?",Peony,Paeonia,0.5958222744247332,0.4041777255752667,1,0.0,0.0,1.0,0.0,1,1.0,1
206,In which American state is Martha's Vineyard,Massachusetts,Massachusetts,0.48241084580540106,0.5175891541945989,0,0.0,0.0,1.0,0.0,1,1.0,1
207,the Naked Civil Servant starred which character?.,Quentin Crisp,Tom Hardy,0.0439754984462869,0.9560245015537131,1,1.6094379124341005,1.0,0.0,1.0,5,0.2,5
208,Rugby league. Which European Super League team are known as the ‘Giants’?,Huddersfield,Hull Kingston Rovers,0.03424839614606723,0.9657516038539328,1,0.9502705392332347,0.8649735207179272,0.1350264792820728,0.8649735207179272,3,0.6,3
209,Who was the beautiful sister of the twins Castor and Pollux and mother to Hermione?,Helen of Troy,Helena,0.42871396642382,0.57128603357618,1,1.3321790402101223,0.9609640474436812,0.039035952556318754,0.9609640474436812,4,0.4,4
210,"What disease claimed the life of notorious American gangster, Al Capone?",SYPHILIS,Hepatitis C,0.6163523696761208,0.3836476303238792,1,0.6730116670092565,0.9709505944546688,0.029049405545331197,0.9709505944546688,2,0.6,2
211,"In the sitcom Terry and June, what was the title characters surname?",Medford,June Toogood,0.05271059402637368,0.9472894059736263,1,0.5004024235381879,0.7219280948873623,0.2780719051126377,0.7219280948873623,2,0.8,2
212,"Also known as mother's ruin, which alcoholic drink is distilled from juniper berries?",Gin,Gin,0.6115666494731695,0.38843335052683053,0,0.0,0.0,1.0,0.0,1,1.0,1
213,"Which BAFTA award winning British drama series follows the work of a group of MI5 intelligence officers based at the service's Thames House headquarters, in a highly secure suite of offices known as 'The Grid'?",'SPOOKS',The Bridge,0.21375747401074396,0.786242525989256,1,0.5004024235381879,0.7219280948873623,0.2780719051126377,0.7219280948873623,2,0.8,2
214,On what material was the Mona Lisa painted?,Poplar Wood,Canvas,0.169839693854131,0.830160306145869,1,1.3321790402101223,0.9609640474436812,0.039035952556318754,0.9609640474436812,4,0.4,4
215,Which astronomer proposed the theory of the expanding universe?,Edwin Hubble,Edwin Hubble,0.3078571308947873,0.6921428691052127,0,0.0,0.0,1.0,0.0,1,1.0,1
216,What nation is scheduled to host the 2022 World Cup?,Qatar,Qatar,0.11362371600912646,0.8863762839908735,0,0.0,0.0,1.0,0.0,1,1.0,1
217,Who was the Republican candidate who lost the Presidential election to Barack Obama in 2012?,Mitt Romney,John McCain,0.519465930462575,0.4805340695374249,1,0.5004024235381879,0.7219280948873623,0.2780719051126377,0.7219280948873623,2,0.8,2
218,Which type of spaniel takes its name from a stately home in Nottinghamshire?,Clumber,Clumber Spaniel,0.17510919767336497,0.824890802326635,1,1.0549201679861442,0.9602297178607612,0.03977028213923883,0.9602297178607612,3,0.4,3
219,"Which island in the Inner Hebrides became a burial place for several kings of Scotland, Ireland and Norway?",IONA,Eigg,0.1600740231757556,0.8399259768242444,1,1.3321790402101223,0.9609640474436812,0.039035952556318754,0.9609640474436812,4,0.4,4
220,"""During World War II, in north Africa, who was known as """"The Desert Fox""""?""",Erwin Rommel,Rommel,0.5237441138229554,0.4762558861770446,1,0.5004024235381879,0.7219280948873623,0.2780719051126377,0.7219280948873623,2,0.8,2
221,"Which scientist was the first, in 1888, to demonstrate the existence of electromagnetic waves?",(Heinrich Rudolf) HERTZ,Heinrich Hertz,0.10119311967373379,0.8988068803262662,1,0.0,0.0,1.0,0.0,1,1.0,1
222,"""Who hosted the travel programmes """"Around the World in 80 Days"""" (1989), """"Pole to Pole"""" (1992), """"Full Circle"""" (1997), and """"Hemingway Adventure"""" (1999)?""",Michael Palin,Bill Compton,0.066087657600305,0.933912342399695,1,1.6094379124341005,1.0,0.0,1.0,5,0.2,5
223,"""What best-selling book was orginally a work of """"Twilight"""" fan fiction?""",Fifty Shades of Grey,Forks Above All,0.09778071556602774,0.9022192844339723,1,1.0549201679861442,0.9602297178607612,0.03977028213923883,0.9602297178607612,3,0.4,3
224,What is the worlds most common blood type?,Type O,O+,0.008982366681463128,0.9910176333185369,1,0.9502705392332347,0.8649735207179272,0.1350264792820728,0.8649735207179272,3,0.6,4
225,Which constellation features on the flag of Papua New Guinea?,Southern Cross,HAWKINS,0.050517939648252796,0.9494820603517472,1,1.3321790402101223,0.9609640474436812,0.039035952556318754,0.9609640474436812,4,0.4,5
226,Which Canadian/American novelist won the Nobel Prize for Literature in 1976?,SAUL BELLOW,Saul Bellow,0.264769121058518,0.735230878941482,0,1.3321790402101223,0.9609640474436812,0.039035952556318754,0.9609640474436812,4,0.4,4
227,‘Duck and dive’ represents which number in the game of Bingo?,25,Five,0.26921906601965184,0.7307809339803482,1,0.5004024235381879,0.7219280948873623,0.2780719051126377,0.7219280948873623,2,0.8,2
228,In which Asian country is the resort of Pattaya?,Thailand,Thailand,0.47109020609807095,0.528909793901929,0,0.0,0.0,1.0,0.0,1,1.0,1
229,How many players are on the court in a korfball team?,Eight,7,0.600820783146834,0.39917921685316604,1,0.0,0.0,1.0,0.0,1,1.0,1
230,Who succeeded Trajan as Roman Emperor in 117 AD,Hadrian,Hadrian,0.4514013047868446,0.5485986952131554,0,0.0,0.0,1.0,0.0,1,1.0,2
231,Which former ‘TOWIE’ star thought that Ebola virus was the name of a pop group?,AMY CHILDS,Tanya Wright,0.04523301689311665,0.9547669831068833,1,1.6094379124341005,1.0,0.0,1.0,5,0.2,5
232,Which country ended its combat role in Iraq on 1 June 2008 with the withdrawal of its 500 troops from Nasiriyah?,Australia,United States,0.4985571092163439,0.5014428907836561,1,0.0,0.0,1.0,0.0,1,1.0,1
233,"Which country is bordered by Georgia to the north, Turkey to the west and Azerbaijan to the east?",ARMENIA,Azerbaijan,0.5985558790953376,0.4014441209046624,1,0.5004024235381879,0.7219280948873623,0.2780719051126377,0.7219280948873623,2,0.8,2
234,The Jigsaw Serial Killer is a fictional character in which series of horror films?,Saw,The Texas Chainsaw Massacre series,0.08399536148380549,0.9160046385161945,1,1.3321790402101223,0.9609640474436812,0.039035952556318754,0.9609640474436812,4,0.4,5
235,Who was captain of the England men's cricket team during the 2015 One Day International World Cup?,Eoin) MORGAN,Eoin Morgan,0.12818901563304796,0.871810984366952,0,0.5004024235381879,0.7219280948873623,0.2780719051126377,0.7219280948873623,2,0.8,2
236,What number Star Trek movie was called The Wrath of Khan?,II,5th,0.6812937105873683,0.3187062894126317,1,0.6730116670092565,0.9709505944546688,0.029049405545331197,0.9709505944546688,2,0.6,2
237,Where is the volcano Olympus Mons?,On Mars,Mars,0.7418024482463577,0.25819755175364234,1,0.0,0.0,1.0,0.0,1,1.0,1
238,What is the name of the Government laboratory at the centre of the outbreak of foot and mouth disease in 2007?,PIRBRIGHT,Pirbright Institute,0.5504738147084053,0.4495261852915947,1,0.0,0.0,1.0,0.0,1,1.0,1
239,"Medicine: What is a patient suffering from, based on the following description - Partial or complete blockage of a blood vessel by a blood clot?",THROMBOSIS,Thrombosis,0.556214013971136,0.44378598602886404,0,0.0,0.0,1.0,0.0,1,1.0,1
240,"Which European country is often referred to as ‘The Hexagon’,  because of its geometric shape?",France,France,0.6076239236781649,0.3923760763218352,0,0.0,0.0,1.0,0.0,1,1.0,1
241,Which is the only letter of the alphabet that does not appear in the name of any of the states of America?,Q,Z,0.13610044989195325,0.8638995501080468,1,0.0,0.0,1.0,0.0,1,1.0,1
242,What is the symbol for a fifth wedding anniversary?,Wood,V,0.30227696302076035,0.6977230369792397,1,0.0,0.0,1.0,0.0,1,1.0,1
243,In which US state did Bill Gates found Microsoft in April 1975?,New Mexico,Washington,0.5096751944219169,0.49032480557808306,1,0.0,0.0,1.0,0.0,1,1.0,2
244,Who became Vice-President of the USA in December 1973?,Gerald Ford,Gerald Ford,0.5080844183592237,0.49191558164077626,0,0.0,0.0,1.0,0.0,1,1.0,1
245,Which 80s sitcom starred Penelope Wilton as Ann Bryce and Peter Egan as Paul Ryman?,EVER DECREASING CIRCLES,Perfect Strangers,0.02280778753686008,0.9771922124631399,1,0.5004024235381879,0.7219280948873623,0.2780719051126377,0.7219280948873623,2,0.8,2
246,"July 2, 1961 saw Nobel Prize winner Ernest Hemingway commit suicide at his farm in Ketchum in what state?",Idaho,Florida,0.5493720935254991,0.4506279064745009,1,0.0,0.0,1.0,0.0,1,1.0,1
247,'II Dolce' refers to what in an Italian restaurant?,Dessert,dessert,0.2770622410266257,0.7229377589733743,0,0.0,0.0,1.0,0.0,1,1.0,1
248,Who was the 'father of medicine' to whom a code of medical ethics is attributed and which bears his name?,Hippocrates,Hippocrates,0.5401336024809742,0.45986639751902575,0,0.0,0.0,1.0,0.0,1,1.0,2
249,Which planet when discovered was originally called the Georgian planet?,URANUS,Uranus,0.5679217278644767,0.4320782721355233,0,0.0,0.0,1.0,0.0,1,1.0,1
250,Which North Sea port lies at the mouth of the Riyer Esk?,WHITBY,Scrabster,0.020623434427837206,0.9793765655721628,1,0.5004024235381879,0.7219280948873623,0.2780719051126377,0.7219280948873623,2,0.8,2
251,The American Football Super Bowl final in 2012 is branded by what Roman numerals?,XLVI,XLII,0.26486783018270843,0.7351321698172916,1,0.5004024235381879,0.7219280948873623,0.2780719051126377,0.7219280948873623,2,0.8,2
252,Goat Fell is the name of hole number 8 on the Ailsa Course at which Open Championship Golf venue?,TURNBERRY,St Andrews,0.14194184836857138,0.8580581516314286,1,0.5004024235381879,0.7219280948873623,0.2780719051126377,0.7219280948873623,2,0.8,2
253,Sabena Airlines was the national airline of which European country 1923 – 2001?,Belguim,Belgium,0.31922798016006826,0.6807720198399317,1,0.0,0.0,1.0,0.0,1,1.0,1
254,Cardinal Richelieu served as chief minister to which French king?,LOUIS XIII,Louis XIII,0.00938612124140148,0.9906138787585985,0,0.9502705392332347,0.8649735207179272,0.1350264792820728,0.8649735207179272,3,0.6,4
255,The National Motor Museum is in which English county?,Hampshire,Devon,0.2165741724469452,0.7834258275530548,1,0.0,0.0,1.0,0.0,1,1.0,1
256,Which aircraft company manufactured the Spitfire?,Supermarine,Rolls-Royce,0.05135581304156722,0.9486441869584328,1,0.0,0.0,1.0,0.0,1,1.0,1
257,Yellowstone National Park is located in which US state?,Wyoming,Wyoming,0.6274724183156737,0.3725275816843263,0,0.0,0.0,1.0,0.0,1,1.0,1
258,"In November, which film (full title) broke UK box office records; Biggest 3-day opening, biggest single day in ticket sales and biggest Friday, Saturday & Sunday openings?",Harry Potter and the Deathly Hallows: Part 1,Paddington 2,0.1681574912539644,0.8318425087460356,1,0.9502705392332347,0.8649735207179272,0.1350264792820728,0.8649735207179272,3,0.6,3
259,Tavel and Hermitage wines are produced in which French wine growing area?,RHONE VALLEY,Rhône Valley,0.37620585436570897,0.623794145634291,1,1.0549201679861442,0.9602297178607612,0.03977028213923883,0.9602297178607612,3,0.4,3
260,What famous building did John Nash rebuild in 1825?,Buckingham Palace,The Houses of Parliament,0.05288113859558785,0.9471188614044121,1,0.9502705392332347,0.8649735207179272,0.1350264792820728,0.8649735207179272,3,0.6,3
261,Sastrugi are parallel wave-like ridges caused by winds on the surface of what?,Snow,Snow,0.006995118244755072,0.9930048817552449,0,0.9502705392332347,0.8649735207179272,0.1350264792820728,0.8649735207179272,3,0.6,3
262,"""What Arabic word means """"struggle"""" but is often interpreted as """"Holy War""""?""",Jihad,Jihad,0.5194176734371667,0.48058232656283323,0,0.0,0.0,1.0,0.0,1,1.0,1
263,"In the human body, a set of well-developed abdominal muscles is known as a ‘What’…pack’?",Six,Abdominal pack,0.6172788374501317,0.38272116254986827,1,0.0,0.0,1.0,0.0,1,1.0,1
264,Which city hosted the 2010 Paralympic Games?,Vancouver,Beijing,0.211360534003728,0.788639465996272,1,0.5004024235381879,0.7219280948873623,0.2780719051126377,0.7219280948873623,2,0.8,2
265,"Which river rises in the Massif Centrale, flows north and east to enter the Bay of Biscay at St. Nazaire?",LOIRE,Dordogne,0.25113328468004525,0.7488667153199547,1,0.6730116670092565,0.9709505944546688,0.029049405545331197,0.9709505944546688,2,0.6,2
266,Which clothing fabric is named after a town in southern France?,Denim,Ventil,0.008668307636223394,0.9913316923637766,1,1.6094379124341005,1.0,0.0,1.0,5,0.2,5
267,Thermodynamics is the study of what?,Heat,Thermodynamics is the study of energy and its transformations.,0.7333268014372762,0.26667319856272376,1,1.3321790402101223,0.9609640474436812,0.039035952556318754,0.9609640474436812,4,0.4,4
268,What is the scientific name for the tube connecting the mouth with the stomach?,Oesophagus,Esophagus,0.523242167012915,0.476757832987085,1,0.0,0.0,1.0,0.0,1,1.0,1
269,What name is given to the external set of floral leaves or sepals in a flower?,Calyx,Calyx,0.45811142448602615,0.5418885755139738,0,1.0549201679861442,0.9602297178607612,0.03977028213923883,0.9602297178607612,3,0.4,3
270,Which Irish author was Sir Henry Irving's business manager?,Bram Stoker,George Bernard Shaw,0.2821888551508489,0.7178111448491511,1,1.3321790402101223,0.9609640474436812,0.039035952556318754,0.9609640474436812,4,0.4,4
271,"At a French McDonald's, what would they call a quarter pounder with cheese?",Royal Cheese,Quatorze-onze croc-en-jeu avec fromage,0.019102780529891228,0.9808972194701088,1,1.6094379124341005,1.0,0.0,1.0,5,0.2,5
272,The metric prefix femto is shown as ten to the power of minus what?,15,-15,0.0364869755033328,0.9635130244966672,0,0.0,0.0,1.0,0.0,1,1.0,1
273,Petrography is the study of what?,Rocks,Petrography is the study of rocks.,0.898556197466583,0.10144380253341703,1,0.0,0.0,1.0,0.0,1,1.0,1
274,Roger Moore first played James Bond in which film?,Live and Let Die,Live and Let Die,0.46435022492070976,0.5356497750792902,0,0.0,0.0,1.0,0.0,1,1.0,1
275,A two-wheeled self-powered and self-balancing vehilce unveiled in 2001 is called what?,Segway,Segway,0.01663346599018456,0.9833665340098154,0,0.0,0.0,1.0,0.0,1,1.0,1
276,"""""""Hale knew before he had been in Brighton three hours that they meant to murder him..."""" are the opening words to which Graham Greene novel?""",Brighton Rock,The Thin Red Line,0.16168052669119715,0.8383194733088029,1,0.5004024235381879,0.7219280948873623,0.2780719051126377,0.7219280948873623,2,0.8,2
277,Petite Borgeoisie is an Anglicized French term referring to what traditional notion of social demographics class?,Lower Middle Class,Lower middle class,0.0367230945264585,0.9632769054735415,0,0.9502705392332347,0.8649735207179272,0.1350264792820728,0.8649735207179272,3,0.6,3
278,"The city of London in Ontario, Canada stands on which river?",The Thames,Thames River,0.06542586330023448,0.9345741366997655,1,0.6730116670092565,0.9709505944546688,0.029049405545331197,0.9709505944546688,2,0.6,3
279,Munich is on which river?,Isar,Isar,0.007813280335885797,0.9921867196641142,0,0.0,0.0,1.0,0.0,1,1.0,1
280,"According to the Gospels of Matthew, Mark and Luke, who was compelled by the Romans to carry the cross of Jesus as he was taken to his crucifixion?",SIMON OF CYRENE,Simon of Cyrene,0.627833229391922,0.37216677060807807,0,0.6730116670092565,0.9709505944546688,0.029049405545331197,0.9709505944546688,2,0.6,3
281,Which (liquid) foodstuff has the chemical formula CH3COOH?,Vinegar,Acetic acid,0.5250017982199834,0.4749982017800166,1,0.0,0.0,1.0,0.0,1,1.0,2
282,Who wrote the novel Evening Class?,Maeve Binchy,John Irving,0.07887946009819158,0.9211205399018084,1,1.6094379124341005,1.0,0.0,1.0,5,0.2,5
283,"""What is the first line of the speech by the 3 witches in Shakespeare's Macbeth that ends """"toil and trouble, fire burn and cauldron bubble""""?""",Double double,curse thou earth and swallow up these wretches,0.006854045418217658,0.9931459545817823,1,1.6094379124341005,1.0,0.0,1.0,5,0.2,5
284,Who was voted Time Magazine person of the century in 1999?,ALBERT EINSTEIN,Nelson Mandela,0.2003564987117752,0.7996435012882248,1,1.0549201679861442,0.9602297178607612,0.03977028213923883,0.9602297178607612,3,0.4,3
285,Which US President is depicted on a $50 banknote?,Ulysses S Grant,Benjamin Franklin,0.15838391401911744,0.8416160859808826,1,1.0549201679861442,0.9602297178607612,0.03977028213923883,0.9602297178607612,3,0.4,3
286,What is Decompression Sickness commonly called?,The Bends,The bends,0.6120782172260073,0.3879217827739927,0,0.9502705392332347,0.8649735207179272,0.1350264792820728,0.8649735207179272,3,0.6,3
287,What sort of creature is a Malamute?,DOG,Dog,0.1001113043869537,0.8998886956130463,0,0.0,0.0,1.0,0.0,1,1.0,1
288,Which city links Haydn's symphony number 104 and Vaughan Williams' symphony number 2?,London,Vienna,0.03474546725064254,0.9652545327493575,1,0.6730116670092565,0.9709505944546688,0.029049405545331197,0.9709505944546688,2,0.6,2
289,What is the name of the 'theme park' near Ripon in Yorkshire?,LIGHTWATER VALLEY,Alpenauceny Park,0.002845562905956278,0.9971544370940437,1,1.6094379124341005,1.0,0.0,1.0,5,0.2,5
290,"""Who directed the 2005 film """"Munich""""?""",Steven Spielberg,Ron Shelton,0.11085742188594971,0.8891425781140503,1,1.0549201679861442,0.9602297178607612,0.03977028213923883,0.9602297178607612,3,0.4,3
291,"In alphabetical order, what is the first US state?",Alabama,Alabama,0.2791487645189925,0.7208512354810075,0,0.9502705392332347,0.8649735207179272,0.1350264792820728,0.8649735207179272,3,0.6,3
292,In which year did the world’s first ‘expo’ the Great Exhibition in London take place?,1851,1851,0.09542498089331197,0.904575019106688,0,0.0,0.0,1.0,0.0,1,1.0,1
293,Morbilli is the technical term for which childhood illness?,Measles,Measles,0.010453157525104784,0.9895468424748952,0,0.6730116670092565,0.9709505944546688,0.029049405545331197,0.9709505944546688,2,0.6,2
294,What endangered bird is the largest bird in North America?,California Condor,Whooping crane,0.6980233185634535,0.3019766814365466,1,0.5004024235381879,0.7219280948873623,0.2780719051126377,0.7219280948873623,2,0.8,2
295,"According to Edward Lear, who went to sea in a sieve?",Jumblies,"Edward Lear According to Edward Lear, who went to sea in a sieve?",0.512074623666828,0.487925376333172,1,0.0,0.0,1.0,0.0,1,1.0,1
296,"""Which composer, born in Pesaro in Italy in 1792, based his opera, """"The Barber of Seville"""" on the trilogy by French playwright, Pierre de Beaumarchais?""",ROSSINI,Rossini,0.42213648425803385,0.5778635157419661,0,0.0,0.0,1.0,0.0,1,1.0,1
297,What is the correct representation of the burger chain brand?,McDonald's,Burger King,0.12586048819037143,0.8741395118096286,1,1.3321790402101223,0.9609640474436812,0.039035952556318754,0.9609640474436812,4,0.4,4
298,The United Society of Believers in Christ's Second Appearing is also known as what?,SHAKERS,Shakers,0.10768934159461385,0.8923106584053861,0,0.0,0.0,1.0,0.0,1,1.0,1
299,In the Bible who put Daniel in the lions den?,King Darius,Darius,0.4703135747472377,0.5296864252527623,1,0.0,0.0,1.0,0.0,1,1.0,1
300,Which daughter of Agamemnon was sacrificed for a fair wind?,Iphigenia,Iphigenia,0.8449217467635912,0.15507825323640873,0,0.0,0.0,1.0,0.0,1,1.0,1
301,Who founded the Amazon website?,Jeff Bezos,Jeff Bezos,0.7495474165822007,0.25045258341779925,0,0.0,0.0,1.0,0.0,1,1.0,1
302,What is the trademarked name for the distinctive logo used Nike?,Swoosh,Swoosh,0.7035992304372425,0.29640076956275746,0,0.0,0.0,1.0,0.0,1,1.0,1
303,Which British singer released a 2003 album entitled ‘Life For Rent’?,Dido,Amy Winehouse,0.11913021948320568,0.8808697805167943,1,1.6094379124341005,1.0,0.0,1.0,5,0.2,5
304,How many masts does the vessel known as a Ketch have ?,TWO,2,0.7692390163050711,0.2307609836949289,1,0.0,0.0,1.0,0.0,1,1.0,1
305,"In the year 1636 during the Dutch Golden Age, what unlikely item became the fourth leading export after gin, herring and cheese causing a journalist to write a book Extraordinary Popular Delusions and the Madness of Crowds?",Tulip bulb,tulip bulbs,0.39579437907719206,0.6042056209228079,1,1.0549201679861442,0.9602297178607612,0.03977028213923883,0.9602297178607612,3,0.4,3
306,Who suggested that Gordon Brown had transformed from Stalin to Mr Bean?,Vince Cable,Simon Cowell,0.05741809819844157,0.9425819018015584,1,1.6094379124341005,1.0,0.0,1.0,5,0.2,5
307,Robert Louis Stevenson's 1886 classic horror novel about split personality is called what?,The Strange Case of Dr Jekyll and Mr Hyde,Strange Case of Dr. Jekyll and Mr. Hyde,0.6584631138775714,0.34153688612242855,1,0.0,0.0,1.0,0.0,1,1.0,1
308,"On this date in 1927, Charles Lindbergh became the first pilot to fly solo across the Atlantic Ocean. Where did he land?",Paris,St. Nazaire,0.2849829279810948,0.7150170720189052,1,1.3321790402101223,0.9609640474436812,0.039035952556318754,0.9609640474436812,4,0.4,4
309,Which bean is the main flavour of the liqueur Tia Maria?,Coffee bean,Caffeine,0.0228924005753125,0.9771075994246875,1,1.6094379124341005,1.0,0.0,1.0,5,0.2,5
310,"""Who was the other half of the Bouquet household, played by actor Clive Swift, in the UK TV comedy series """"Keeping Up Appearances""""?""",Richard,Julia Walters,0.021186550098584722,0.9788134499014153,1,1.6094379124341005,1.0,0.0,1.0,5,0.2,5
311,"Which US boxer, born February 1977, has the nickname ‘Pretty Boy’?",Floyd Mayweather Jr,Floyd Mayweather Jr.,0.061728975617205695,0.9382710243827943,0,1.6094379124341005,1.0,0.0,1.0,5,0.2,5
312,How many counters does each player have in a game of backgammon?,15,15,0.6737405419859379,0.32625945801406203,0,0.0,0.0,1.0,0.0,1,1.0,1
313,Maureen Cox was the first wife of which famous musical personality?,RINGO STARR,Tina Turner,0.007440592424345249,0.9925594075756548,1,1.3321790402101223,0.9609640474436812,0.039035952556318754,0.9609640474436812,4,0.4,4
314,How many houses are there in a game of Monopoly?,32,28,0.7203150877568243,0.27968491224317577,1,0.9502705392332347,0.8649735207179272,0.1350264792820728,0.8649735207179272,3,0.6,3
315,"""Who appeared in her first film for 15 years, """"Monster In Law"""", in 2005?""",Jane Fonda,Helen Mirren,0.009422121682547302,0.9905778783174527,1,1.3321790402101223,0.9609640474436812,0.039035952556318754,0.9609640474436812,4,0.4,4
316,Whose portrait was painted by the fictional artist Basil Hallward?,DORIAN GRAY,Rossetti,0.1875821458475737,0.8124178541524263,1,1.3321790402101223,0.9609640474436812,0.039035952556318754,0.9609640474436812,4,0.4,4
317,The volcano Hekla is on which island?,Iceland,Iceland,0.5156134333298399,0.4843865666701601,0,0.0,0.0,1.0,0.0,1,1.0,1
318,Stink 182 is a tribute band to which band?,Blink 182,Rage Against the Machine,0.015027735355435667,0.9849722646445643,1,1.3321790402101223,0.9609640474436812,0.039035952556318754,0.9609640474436812,4,0.4,4
319,"""Who made the musical sculptures called """"Pythagoras"""", """"Kepler"""" & """"Galileo"""" that were installed between the tracks of Kendall Station in Cambridge, Massachusetts from 1987 to 2007?""",Paul Matisse,Robert Irwin,0.19515017333862728,0.8048498266613727,1,1.6094379124341005,1.0,0.0,1.0,5,0.2,5
320,"Which American swing and jazz guitarist's single string technique combined with amplification, while with Benny Goodman's bands between 1939 and 1941, helped bring the guitar out of the rhythm section and into the forefront as a solo instrument?",Charlie Christian,Barney Kessel,0.0903854266588261,0.9096145733411739,1,0.9502705392332347,0.8649735207179272,0.1350264792820728,0.8649735207179272,3,0.6,3
321,What name is given to the stellar explosion caused when nuclear fusion within a massive star ceases and it suffers gravitational collapse?,(Super)Nova,Supernova,0.35459273442813377,0.6454072655718662,1,0.0,0.0,1.0,0.0,1,1.0,1
322,"What was the capital of the Inca Empire from 1438 to 1532 which, at its peak, dominated a territory that included (from north to south) Ecuador, part of Colombia, the northern half of Chile, and the north-west part of Argentina, and (from west to east) from Bolivia to the Amazonian forests and Peru?",Cuzco,Cusco,0.4466718026585996,0.5533281973414004,1,0.0,0.0,1.0,0.0,1,1.0,1
323,Phil Collins played drums with which band?,Genesis,Genesis,0.5442461030957999,0.4557538969042001,0,0.0,0.0,1.0,0.0,1,1.0,1
324,The 'Battle of Trafalgar' took place in which year?,1805,1805,0.8915497807347282,0.10845021926527174,0,0.0,0.0,1.0,0.0,1,1.0,1
325,What is the text of an opera called?,Libretto,libretto,0.48705992881412763,0.5129400711858724,0,0.0,0.0,1.0,0.0,1,1.0,1
326,What is the name of the target in a game of curling?,House,壶球 (Huqiu) 答案：壶球 (,0.07961613828031577,0.9203838617196842,1,1.6094379124341005,1.0,0.0,1.0,5,0.2,5
327,Broccoli and Cauliflower are members of which vegetable family?,BRASSICA,Brassicaceae,0.027597865459160986,0.972402134540839,1,0.6730116670092565,0.9709505944546688,0.029049405545331197,0.9709505944546688,2,0.6,2
328,"""What does """"domo arigato"""" mean?""",Thank you very much,thank you,0.3787613618429092,0.6212386381570908,1,0.0,0.0,1.0,0.0,1,1.0,1
329,"In relation to spiritual diety Pachamama, in 2011 Bolivia announced an new unusual Law of what?",Mother Earth,Pachamama,0.33657203053991025,0.6634279694600898,1,0.5004024235381879,0.7219280948873623,0.2780719051126377,0.7219280948873623,2,0.8,2
330,How many humps would you find on a dromedary camel?,one,One,0.08463436217682074,0.9153656378231793,0,0.0,0.0,1.0,0.0,1,1.0,1
331,Which concert pianist became the first President of the Polish Republic in 1919?,Ignaz Jan Paderewski,Ignacy Jan Paderewski,0.18110584682877262,0.8188941531712274,1,0.5004024235381879,0.7219280948873623,0.2780719051126377,0.7219280948873623,2,0.8,2
332,"""In which specific TV series is there an Episode entitled """"A Fistful of Data's""""?""",Star Trek. The Next Generation,Star Trek: Deep Space Nine,0.23079611563675373,0.7692038843632463,1,1.3321790402101223,0.9609640474436812,0.039035952556318754,0.9609640474436812,4,0.4,4
333,What is the largest continent on Earth,Asia,Asia,0.5878292170989605,0.41217078290103953,0,0.5004024235381879,0.7219280948873623,0.2780719051126377,0.7219280948873623,2,0.8,2
334,"Actor and comedian, and half of a famous double-act, Arthur Stanley Jefferson was better known by which name?",Stan Laurel,Arthur Askey,0.22306482125088545,0.7769351787491146,1,1.0549201679861442,0.9602297178607612,0.03977028213923883,0.9602297178607612,3,0.4,3
335,Which great battle between the Greeks and Persians took place in 490BC?,Battle of Marathon,Battle of Marathon,0.10250288430279864,0.8974971156972014,0,0.0,0.0,1.0,0.0,1,1.0,1
336,"In 1965, who became the first British driver to win the Indianapolis 500?",Jim Clark,Graham Hill,0.5298895844197977,0.4701104155802023,1,0.5004024235381879,0.7219280948873623,0.2780719051126377,0.7219280948873623,2,0.8,2
337,What is the Paris Stock Exchange called?,LA BOURSE,Euronext Paris,0.3983373332976755,0.6016626667023245,1,0.0,0.0,1.0,0.0,1,1.0,1
338,Children's author Mrs Darrell Waters was better known under which name?,ENID BLYTON,Darrellle Waters,0.10291290638841544,0.8970870936115846,1,1.0549201679861442,0.9602297178607612,0.03977028213923883,0.9602297178607612,3,0.4,3
339,'.uk' is the network identifier for the United Kingdom. Which country uses the identifier '.jp'?,JAPAN,Japan,0.5503711525402428,0.4496288474597571,0,0.0,0.0,1.0,0.0,1,1.0,1
340,"What salty lake is located at 1,388 ft below sea level?",Dead Sea,Dead Sea,0.03316713952156691,0.9668328604784331,0,1.6094379124341005,1.0,0.0,1.0,5,0.2,5
341,Which Motown star had a new millennium hit with Not Over Yet,Diana Ross,Mary J. Blige,0.43596086252500943,0.5640391374749906,1,1.3321790402101223,0.9609640474436812,0.039035952556318754,0.9609640474436812,4,0.4,4
342,Who is the mother of Aphrodite in Greek mythology?,DIONE,Dione,0.7048078124782422,0.29519218752175774,0,0.0,0.0,1.0,0.0,1,1.0,1
343,Which revolutionary leader was born Vladimir Ilyich Ulyanov?,Lenin,Lenin,0.4712039557292115,0.5287960442707885,0,0.0,0.0,1.0,0.0,1,1.0,1
344,"In medicine, which suffix denotes the surgical removal of something, usually from inside the body?",-ectomy,-ectomy,0.40635195424026704,0.593648045759733,0,0.0,0.0,1.0,0.0,1,1.0,1
345,The UEFA cup is a soccer tournament for teams from which continent?,Europe,Europe,0.291251817567758,0.708748182432242,0,0.0,0.0,1.0,0.0,1,1.0,2
346,"In which year did George Bush succeed Ronald Reagan as US President, the US ratified the Berne convention on copyright, Time Inc and Warner Communications merged to form Time-Warner, and the Exxon Valdez spilled oil in Alaska?",1989,1990,0.8634589606761696,0.1365410393238305,1,0.0,0.0,1.0,0.0,1,1.0,1
347,"""What famous book begins: """"Chug, chug, chug. Puff, puff, puff""""?""",The Little Engine that Could,The Wind in the Willows,0.4202620137309605,0.5797379862690395,1,0.5004024235381879,0.7219280948873623,0.2780719051126377,0.7219280948873623,2,0.8,3
348,Who was Minister of Education when the 1944 Education Act was passed?,R.A.BUTLER,Ernest Bevin,0.24608168427268984,0.7539183157273102,1,0.5004024235381879,0.7219280948873623,0.2780719051126377,0.7219280948873623,2,0.8,2
349,Which pop star played Beth in Neighbours between 1991 and 1993?,Natalie Imbruglia,Kylie Minogue,0.09592387513651457,0.9040761248634854,1,0.9502705392332347,0.8649735207179272,0.1350264792820728,0.8649735207179272,3,0.6,3
350,In 1984 which Bruce Springsteen song was the first to win a Grammy for him? (He has won 20 in all),DANCING IN THE DARK,Born to Run,0.4685575455879468,0.5314424544120532,1,0.0,0.0,1.0,0.0,1,1.0,1
351,Painter and engraver Sir Edwin Henry Landseer was a favourite artist of which British monarch?,Queen Victoria,Queen Victoria,0.6517881817635118,0.3482118182364881,0,0.0,0.0,1.0,0.0,1,1.0,1
352,The Ballad of Bonnie and Clyde was a no.1 hit in 1967 for which singer?,Georgie Fame,Roy Orbison,0.29035409803355117,0.7096459019664488,1,0.9502705392332347,0.8649735207179272,0.1350264792820728,0.8649735207179272,3,0.6,3
353,Which cheese is known as ‘The King of English Cheeses’?,Stilton,Stilton,0.4930278700971851,0.5069721299028149,0,0.0,0.0,1.0,0.0,1,1.0,1
354,The Hindu deity Ganesha has the head of which animal?,ELEPHANT,elephant,0.6381474817222065,0.3618525182777935,0,0.0,0.0,1.0,0.0,1,1.0,1
355,Alexandra of Denmark was married to which English king?,EDWARD VII,George V,0.66882962002716,0.33117037997284005,1,0.6730116670092565,0.9709505944546688,0.029049405545331197,0.9709505944546688,2,0.6,2
356,"All happy families resemble one another, but each unhappy family is unhappy in its own way. The opening lines of which great novel?",Anna Karenina,Anna Karenina,0.5631084439052436,0.43689155609475644,0,0.6730116670092565,0.9709505944546688,0.029049405545331197,0.9709505944546688,2,0.6,2
357,Which prototype drink recipe was formulated at Pemberton's Eagle Drug and Chemical House?,COCA COLA,Eagle Brand Coca-Cola,0.0825144105549589,0.9174855894450411,1,0.9502705392332347,0.8649735207179272,0.1350264792820728,0.8649735207179272,3,0.6,3
358,For what medical condition would a doctor administer an antitussive?,Coughs,Cough,0.6103272485996429,0.389672751400357,1,0.0,0.0,1.0,0.0,1,1.0,3
359,Which 15th-century navigator discovered the sea route from Europe to India by the Cape of Good Hope?,Vasco da Gama,Vasco da Gama,0.5407285652679819,0.45927143473201815,0,0.5004024235381879,0.7219280948873623,0.2780719051126377,0.7219280948873623,2,0.8,2
360,"Normally called a wolverine in North America, what is the largest carniverous mammal in the weasel family, which, it is said, has a habit of hiding articles which are no use to it?",Glutton,Wolverine,0.016194879890648828,0.9838051201093512,1,0.5004024235381879,0.7219280948873623,0.2780719051126377,0.7219280948873623,2,0.8,2
361,In the Robin Hood T.V. series starring Richard Green what was the name of the inn that was used,The Blue Boar,The Mermaid Inn,0.1784919612624345,0.8215080387375655,1,1.3321790402101223,0.9609640474436812,0.039035952556318754,0.9609640474436812,4,0.4,4
362,The Pyg and the Miners' tracks and the Watkin Path are routes up which mountain?,Snowdon,Snowdon,0.6167760013299934,0.38322399867000656,0,0.0,0.0,1.0,0.0,1,1.0,1
363,"Who created the characters of Willy Loman, Joe Keller and Eddie Carbone?",Arthur Miller,Arthur Miller,0.413133986360012,0.586866013639988,0,0.0,0.0,1.0,0.0,1,1.0,2
364,"Also the name of a popular TV character, who was the father of the apostles John the Evangelist and James the Greater?",ZEBEDEE,Zebedee,0.13999460380319473,0.8600053961968053,0,1.3321790402101223,0.9609640474436812,0.039035952556318754,0.9609640474436812,4,0.4,5
365,"Which holiday, which had its first official recognition in 1868, was originally called Decoration Day?",Memorial Day,Memorial Day,0.5842693445210451,0.41573065547895494,0,0.0,0.0,1.0,0.0,1,1.0,1
366,Who is the only British Prime Minister to serve under 3 monarchs?,STANLEY BALDWIN,Winston Churchill,0.28129420353356793,0.7187057964664321,1,1.3321790402101223,0.9609640474436812,0.039035952556318754,0.9609640474436812,4,0.4,4
367,From 2008 Ferrari provided cars (a modification of the F1 Ferrari F2004 chassis) with a V8 engine for which 'single make' motor racing series?,A1 Grand Prix,Le Mans Prototype 2 (LMP2),0.11261909748739196,0.887380902512608,1,1.3321790402101223,0.9609640474436812,0.039035952556318754,0.9609640474436812,4,0.4,5
368,"Bammy (Jamaica), Bannock (Scotland), Blaa (Ireland), Bublik (Poland), and Boule (France) are types of?",Bread,Balls,0.07768205118593319,0.9223179488140668,1,1.0549201679861442,0.9602297178607612,0.03977028213923883,0.9602297178607612,3,0.4,3
369,What colour does the planet Neptune appear to be from space?,Blue,Blue,0.37699305660920346,0.6230069433907965,0,0.0,0.0,1.0,0.0,1,1.0,1
370,"Stirling Moss also won the next British Grand prix held at Aintree, in 1957, to give which British team its first Grand Prix victory?",VANWALL,BRM,0.3337215345108503,0.6662784654891497,1,1.3321790402101223,0.9609640474436812,0.039035952556318754,0.9609640474436812,4,0.4,4
371,What is the peptide hormone produced in all vertebrates and some others to promote the absorption of glucose from the blood to muscles and fat tissue?,Insulin,Insulin,0.4322148153115104,0.5677851846884896,0,0.0,0.0,1.0,0.0,1,1.0,1
372,On the banks of which river does the city of Quebec stand?,ST LAWRENCE,St. Lawrence River,0.6459675386812032,0.3540324613187968,1,0.0,0.0,1.0,0.0,1,1.0,3
373,"Near which northern town, now a city, did the last battle of the English Civil War take place, in 1648?",Preston,Worcester,0.08253099799286678,0.9174690020071332,1,1.3321790402101223,0.9609640474436812,0.039035952556318754,0.9609640474436812,4,0.4,4
374,Which famous British graffiti artist describes himself as a ‘Quality Vandal’?,Banksy,Banksy,0.6176909696284383,0.3823090303715617,0,0.0,0.0,1.0,0.0,1,1.0,1
375,What was silent film actor 'Fatty' Arbuckle's christian name?,ROSCOE,Arthur,0.19251688577315906,0.8074831142268409,1,0.5004024235381879,0.7219280948873623,0.2780719051126377,0.7219280948873623,2,0.8,2
376,Who invented the saxophone in 1840?,Adolphe Sax,Adolphe Sax,0.08581727785064497,0.914182722149355,0,0.0,0.0,1.0,0.0,1,1.0,1
377,Which British political figure became Baroness Kesteven?,Margaret Thatcher,Baroness Kesteven was the former title of Sarah Wollaston.,0.01679627193974831,0.9832037280602517,1,1.3321790402101223,0.9609640474436812,0.039035952556318754,0.9609640474436812,4,0.4,5
378,"The period between 1450 and 1600 in European development is known by what term, initially used by Italian scholars to express the rediscovery of ancient Roman and Greek culture?",The Renaissance,Renaissance,0.7298998743616755,0.27010012563832453,1,0.0,0.0,1.0,0.0,1,1.0,1
379,The price of which metal commodity is traditionally considered an indicator of global economic buoyancy?,Copper,Gold,0.5553390529833313,0.44466094701666864,1,0.0,0.0,1.0,0.0,1,1.0,1
380,Which South Pacific island nation became the first in the 21st century to change its driving on the road from right to left?,Samoa,Tuvalu,0.19674807276408934,0.8032519272359107,1,1.3321790402101223,0.9609640474436812,0.039035952556318754,0.9609640474436812,4,0.4,4
381,Sarawak is a state in which country?,MALAYSIA,Malaysia,0.46920124004281905,0.530798759957181,0,0.6730116670092565,0.9709505944546688,0.029049405545331197,0.9709505944546688,2,0.6,2
382,"The Wright Brothers' first powered flight, in 1903, took place where?",Kitty Hawk,Kitty Hawk,0.4825333422505451,0.5174666577494549,0,0.5004024235381879,0.7219280948873623,0.2780719051126377,0.7219280948873623,2,0.8,2
383,"""What Christmas character said """"God bless us, every one!""""""",Tiny Tim,Father Christmas,0.2026971210584806,0.7973028789415194,1,0.6730116670092565,0.9709505944546688,0.029049405545331197,0.9709505944546688,2,0.6,3
384,"In October 2005, a week before her 16th birthday, Michelle Wie announced that she was turning professional at what sport?",Golf,Golf,0.09644872895678136,0.9035512710432186,0,0.0,0.0,1.0,0.0,1,1.0,1
385,The Russo Japanese War of 1904-1905 ended when the Russian Fleet under Rozhdestvensky was defeated at the Battle of Tsushima by a fleet led by whom?,Admiral Togo Heihachir,Hideki Tokujun,0.002920498964367968,0.997079501035632,1,1.3321790402101223,0.9609640474436812,0.039035952556318754,0.9609640474436812,4,0.4,4
386,"Niagara Falls is between the state of New York, USA, and which province of Canada?",Ontario,Ontario,0.7302200548010895,0.2697799451989104,0,0.0,0.0,1.0,0.0,1,1.0,1
387,"Taking office on May 27th 1993, who was margaret Thatcher's last Chancellor of the Exchequer?",KENNETH CLARK,Nigel Lawson,0.17809866567852417,0.8219013343214758,1,1.6094379124341005,1.0,0.0,1.0,5,0.2,5
388,Bujumbura international airport is in which country?,Burundi,Burundi,0.6649959179221909,0.335004082077809,0,0.0,0.0,1.0,0.0,1,1.0,1
389,Quakers are also known by what name?,Society of Friends,Merryweather,0.1129369760909803,0.8870630239090197,1,1.0549201679861442,0.9602297178607612,0.03977028213923883,0.9602297178607612,3,0.4,4
390,In Othello what did the bard mean by ‘the beast with two backs’?,Sexual Intercourse,Sodomy,0.018333389942429834,0.9816666100575702,1,1.3321790402101223,0.9609640474436812,0.039035952556318754,0.9609640474436812,4,0.4,5
391,"Killing 57 people and causing over $3 billion in property damage, the eruption o f Mount St. Helens occurred on May 18 of what year?",1980,1980,0.7555678864035928,0.24443211359640712,0,0.0,0.0,1.0,0.0,1,1.0,1
392,In which city can you see the original statue of Michelangelo’s David?,Florence,Florence,0.3455492605673456,0.6544507394326544,0,0.0,0.0,1.0,0.0,1,1.0,1
393,"Which-singer's voice was of the leading actress in the films 'Gentlemen Prefer Blondes', 'The King and I', 'West Side Story' and 'My Fair Lady'?",Marni Nixon,Grace Kelly,0.03929445636019957,0.9607055436398004,1,1.0549201679861442,0.9602297178607612,0.03977028213923883,0.9602297178607612,3,0.4,3
394,"Based on a mythological tale, which 1689 opera by Henry Purcell is considered by many to be the first English-language operatic masterpiece?",'DIDO AND AENEAS',Dido and Aeneas,0.4333961523107275,0.5666038476892725,0,0.5004024235381879,0.7219280948873623,0.2780719051126377,0.7219280948873623,2,0.8,2
395,"The surname of which Wimbledon Champion can be formed using the chemical symbols for beryllium, carbon, potassium and erbium?",Boris BECKER,BeKCrEr,0.22415613033803905,0.775843869661961,1,1.6094379124341005,1.0,0.0,1.0,5,0.2,5
396,Who was president of the USA during World War I?,Woodrow Wilson,Woodrow Wilson,0.6407917279818156,0.3592082720181844,0,0.0,0.0,1.0,0.0,1,1.0,1
397,"""Who had hit records with """"Tragedy"""" and """"You Win Again""""?""",The Bee Gees,Sam Cooke,0.016109719659643362,0.9838902803403566,1,1.3321790402101223,0.9609640474436812,0.039035952556318754,0.9609640474436812,4,0.4,4
398,Of which African country is Dodoma the official capital city?,Tanzania,Tanzania,0.6747920080471208,0.32520799195287925,0,0.0,0.0,1.0,0.0,1,1.0,1
399,Which mountain range stretches from the Black Sea to the Caspian Sea?,Caucasus,Greater Caucasus,0.18377240034692233,0.8162275996530777,1,0.9502705392332347,0.8649735207179272,0.1350264792820728,0.8649735207179272,3,0.6,3
400,The flag of Hungary is divided into three bands. Two of the colours are red and white. What is the third?,GREEN,Blue,0.661390003275258,0.33860999672474196,1,0.0,0.0,1.0,0.0,1,1.0,1
401,Where is the Great Karoo found?,South Africa,South Africa,0.5983287974749225,0.40167120252507754,0,0.0,0.0,1.0,0.0,1,1.0,1
402,"Which award winning building was built directly underneath Waterloo Bridge, London, in the 1980s and has stalagtites (from water leaking through the Bridge) growing in it?",Museum of the Moving Image,Tritium Building,0.02732987036313783,0.9726701296368622,1,1.6094379124341005,1.0,0.0,1.0,5,0.2,5
403,What is the desert that occupies the southern part of Israel?,NEGEV,Negev,0.4967014358423819,0.5032985641576181,0,0.0,0.0,1.0,0.0,1,1.0,2
404,"What popular rosy-cheeked animal character, launched on UK TV in 2004, was licensed to US Fisher Price Toys in 2011?",Peppa Pig,Baked Alaska,0.035269777553663006,0.964730222446337,1,1.3321790402101223,0.9609640474436812,0.039035952556318754,0.9609640474436812,4,0.4,5
405,Which chemical element is represented by Zr on the Periodic Table?,Zirconium,Zirconium,0.4485685572861696,0.5514314427138304,0,0.0,0.0,1.0,0.0,1,1.0,1
406,"Who was the mother of Marie Antoinette, wife of Louis XIV of France?",Maria Theresa of Austria,Maria Antonia Josepha Johanna,0.2781260661428735,0.7218739338571265,1,1.3321790402101223,0.9609640474436812,0.039035952556318754,0.9609640474436812,4,0.4,4
407,"Which lady, who has never won a Wimbledon singles title, was the US Open Champion in 1991 and 1992?",MONICA SELES,Martina Hingis,0.14046798755274092,0.8595320124472591,1,1.3321790402101223,0.9609640474436812,0.039035952556318754,0.9609640474436812,4,0.4,4
408,In Russian cuisine what kind of food are blini?,PANCAKES,pancakes,0.009057009080511547,0.9909429909194885,0,0.0,0.0,1.0,0.0,1,1.0,1
409,Which horse won the Epsom Derby in 1989?,Nashwan,Almanzor,0.04148794542922718,0.9585120545707728,1,1.3321790402101223,0.9609640474436812,0.039035952556318754,0.9609640474436812,4,0.4,4
410,What happened at Scapa Flow on 21st June 1919?,German fleet was scuttled,Release of German Navy ships,0.011399224583530043,0.98860077541647,1,0.5004024235381879,0.7219280948873623,0.2780719051126377,0.7219280948873623,2,0.8,5
411,"Who were Aramis, Porthos and Athos?",The Three Musketeers,Musketeers,0.5022156445371245,0.49778435546287547,1,0.0,0.0,1.0,0.0,1,1.0,1
412,What colour is Santa Claus' belt?,Black,Red,0.30226144648116793,0.6977385535188321,1,0.0,0.0,1.0,0.0,1,1.0,1
413,Which famous military leader was Deputy Commander of NATO forces from 1951 to 1958?,Montgomery,Dwight D. Eisenhower Eisenhower,0.41576996542452005,0.58423003457548,1,0.9502705392332347,0.8649735207179272,0.1350264792820728,0.8649735207179272,3,0.6,4
414,"In 1968, which was the first manned lunar orbiting mission?",APOLLO 8,Apollo 8,0.5667746860857628,0.43322531391423724,0,0.0,0.0,1.0,0.0,1,1.0,1
415,Larry Mullins and Adam Clayton are the rhythm section for which band?,U2,Soul Asylum,0.1292398415242465,0.8707601584757535,1,0.5004024235381879,0.7219280948873623,0.2780719051126377,0.7219280948873623,2,0.8,2
416,Which racecourse hosts The Lincoln Handicap?,DONCASTER,Hollywood Park Racetrack,0.12517317867539723,0.8748268213246028,1,1.0549201679861442,0.9602297178607612,0.03977028213923883,0.9602297178607612,3,0.4,3
417,Pont Neuf is the oldest bridge in Paris. What does its name mean?,New Bridge,Old Bridge,0.338393010443482,0.661606989556518,1,0.0,0.0,1.0,0.0,1,1.0,1
418,"From 1978 to 1984, who were coached by a lady called Betty Callaway?",Torvill & Dean,Bettye LaVette,0.0588829800219266,0.9411170199780734,1,1.3321790402101223,0.9609640474436812,0.039035952556318754,0.9609640474436812,4,0.4,5
419,"The Bee Gees are popularly credited as being from Australia, but on which island were they actually born?",Isle of Man,Tasmania,0.15966286525700046,0.8403371347429995,1,0.9502705392332347,0.8649735207179272,0.1350264792820728,0.8649735207179272,3,0.6,3
420,"Richmond in Yorkshire, lies on which river?",SWALE,Derwent,0.07867173441103736,0.9213282655889626,1,1.3321790402101223,0.9609640474436812,0.039035952556318754,0.9609640474436812,4,0.4,5
421,Which French playwright's real name was Jean Baptiste Poquelin?,MOLIERE,Jean-Baptiste Poquelin,0.6227603924197597,0.37723960758024033,1,0.6730116670092565,0.9709505944546688,0.029049405545331197,0.9709505944546688,2,0.6,2
422,What was the name of the British nurse who was shot by a German firing squad during World War I after being court-martialled for helping Allied troops escape from a military hospital in Belgium?,EDITH CAVELL,Edith Cavell,0.6609880886156368,0.33901191138436315,0,0.0,0.0,1.0,0.0,1,1.0,1
423,"According to 2014 Twitter statistics, how many million tweets are sent every day?",500,3500,0.4355250264619108,0.5644749735380892,1,0.9502705392332347,0.8649735207179272,0.1350264792820728,0.8649735207179272,3,0.6,3
424,"Traditionally, the concertmaster of a symphonic orchestra plays what instrument?",Violin,Violin,0.7586289128401921,0.24137108715980793,0,0.0,0.0,1.0,0.0,1,1.0,1
425,A Russian rouble is divided into 100 …..what?,Kopeks,kopecks,0.02820712288792815,0.9717928771120719,1,0.0,0.0,1.0,0.0,1,1.0,1
426,Who became the last state President of apartheid South Africa in August 1989?,F W de Klerk,F.W. de Klerk,0.34283260383977243,0.6571673961602276,0,0.9502705392332347,0.8649735207179272,0.1350264792820728,0.8649735207179272,3,0.6,3
427,"""Who created the character of Doctor Finlay in the British TV series (1962-1971) """"Dr Finlay's Casebook""""?""",A J Cronin,John Moffat,0.1773308625969755,0.8226691374030245,1,1.0549201679861442,0.9602297178607612,0.03977028213923883,0.9602297178607612,3,0.4,4
428,"Which British Overseas Territory is located on the southern end of the Iberian Peninsula at the entrance of the Mediterranean, and has an area of approximately 2.6 square miles?",Gibraltar,Pitcairn Islands,0.3738172748317644,0.6261827251682356,1,0.5004024235381879,0.7219280948873623,0.2780719051126377,0.7219280948873623,2,0.8,2
429,Which British explorer travelled disguised as a Muslim to Mecca and Medina in 1853?,Richard Francis Burton,John Ross,0.01245176719285468,0.9875482328071453,1,1.6094379124341005,1.0,0.0,1.0,5,0.2,5
430,"Voiced by Phil Hartman, before his untimely death, Lionel Hutz is the hapless lawyer on what TV series?",The Simpsons,Law and Order,0.17081001119110584,0.8291899888088942,1,1.3321790402101223,0.9609640474436812,0.039035952556318754,0.9609640474436812,4,0.4,5
431,What famous suncream is named after a mountain in Switzerland?,Piz Buin,E400,0.09265826202533833,0.9073417379746617,1,1.3321790402101223,0.9609640474436812,0.039035952556318754,0.9609640474436812,4,0.4,4
432,"In an Indian restaurant, what is 'kulfi'?",Ice cream,Ice cream,0.44069209815943033,0.5593079018405697,0,0.0,0.0,1.0,0.0,1,1.0,1
433,"What was the name of the Roman festivities in mid to late December, elements of which were incorporated into Christmas?",SATURNALIA,Saturnalia,0.5801872248351878,0.4198127751648122,0,0.0,0.0,1.0,0.0,1,1.0,1
434,Which 1929 film directed by Alfred Hitchcock is considered to be the first all-talkie feature British film?,Blackmail,The39Clues,0.019403874005534893,0.9805961259944651,1,1.3321790402101223,0.9609640474436812,0.039035952556318754,0.9609640474436812,4,0.4,4
435,"""Which school is the setting for the 1939 film """"Goodbye, Mr. Chips""""?""",Brookfield Public School,Collingwood School,0.25372025391370956,0.7462797460862904,1,1.6094379124341005,1.0,0.0,1.0,5,0.2,5
436,"In August 1960 Chad, in Central Africa, became independent from which country?",France,France,0.2742195182492494,0.7257804817507506,0,0.0,0.0,1.0,0.0,1,1.0,1
437,"As of 1st. June 2011, who is the only Swiss Tennis player, other than Roger Federer, to be ranked in the Men's top twenty?",STANISLAS WAWRINKA,Stan Wawrinka,0.5682363653468904,0.43176363465310963,1,0.0,0.0,1.0,0.0,1,1.0,2
438,In which newspaper does the cartoon dog Fred Basset appear,The Daily Mail,The Sunday Times,0.08691173603519542,0.9130882639648046,1,1.3321790402101223,0.9609640474436812,0.039035952556318754,0.9609640474436812,4,0.4,4
439,Who had the noels Spy Hook and Spy Line published in the 80s?,Len Deighton,James Bond,0.05727001401737397,0.942729985982626,1,0.6730116670092565,0.9709505944546688,0.029049405545331197,0.9709505944546688,2,0.6,2
440,Which of the United States is known as the Wolverine State'?,MICHIGAN,Michigan,0.76457630843355,0.2354236915664501,0,0.0,0.0,1.0,0.0,1,1.0,1
441,What is the name of the densely forested moon inhabited by the Na’vi in the 2009 film ‘Avatar’?,Pandora,LV-200,0.49580417718024006,0.5041958228197599,1,1.3321790402101223,0.9609640474436812,0.039035952556318754,0.9609640474436812,4,0.4,5
442,The uniform of which NFL team is green because their once owner was born on St Patrick's day?,New York Jets,Pittsburgh Steelers,0.12706478165212098,0.872935218347879,1,1.3321790402101223,0.9609640474436812,0.039035952556318754,0.9609640474436812,4,0.4,4
443,From which city did Radio Piccadilly broadcast,Manchester,London,0.35992709770326736,0.6400729022967326,1,0.9502705392332347,0.8649735207179272,0.1350264792820728,0.8649735207179272,3,0.6,4
444,"Who is missing from this list of Artistic Directors of the National Theatre – Laurence Olivier, Peter Hall, Richard Eyre and Nicholas Hytner?",TREVOR NUNN,Nicholas Hytner,0.6267034565069008,0.37329654349309915,1,0.5004024235381879,0.7219280948873623,0.2780719051126377,0.7219280948873623,2,0.8,2
445,Which Stephen King novel is said to have been rejected by 30 different publishers?,Carrie,The Shining,0.05449997212144153,0.9455000278785585,1,1.6094379124341005,1.0,0.0,1.0,5,0.2,5
446,The Buddy Holly song That'll Be the Day is said to have been inspired by what John Wayne film?,The Searchers,True Grit,0.2191679812944316,0.7808320187055684,1,1.6094379124341005,1.0,0.0,1.0,5,0.2,5
447,Name the dragonthat guarded the treasure in 'The Hobbit'?,'SMAUG',Smaug,0.60975581484658,0.3902441851534199,0,0.0,0.0,1.0,0.0,1,1.0,1
448,Which composer was born on this day in Prague in 1841 – his Symphony number 9 in E minor From the New World is one of his most famous works?,Antonín Dvořák,Antonín Leopold Dvořák,0.40518957389185073,0.5948104261081493,1,0.0,0.0,1.0,0.0,1,1.0,1
449,The three largest cruise ships in the world are own by which cruise line?,ROYAL CARIBBEAN,Carnival Cruise Line,0.33888525650009726,0.6611147434999027,1,1.3321790402101223,0.9609640474436812,0.039035952556318754,0.9609640474436812,4,0.4,4
450,"Released in 2009, 'Dawn Of The Dinosaurs' was the title of the third instalment of which film series?",'ICE AGE',Dinoshark,0.2809973159061685,0.7190026840938315,1,1.3321790402101223,0.9609640474436812,0.039035952556318754,0.9609640474436812,4,0.4,4
451,"Which play includes the characters Lady Sneerwell, Sir Harry Bumper and Sir Peter Teazle?",School for Scandal,Teahouse of the August Moon,0.08263719489787513,0.9173628051021249,1,1.3321790402101223,0.9609640474436812,0.039035952556318754,0.9609640474436812,4,0.4,4
452,Which is the only place in the UK to have a post code beginning with the letter 'Z'?,Shetland,"ZE Zetland, Shetland Islands Z11 3",0.012923998633012634,0.9870760013669874,1,0.9502705392332347,0.8649735207179272,0.1350264792820728,0.8649735207179272,3,0.6,4
453,Who composed The Trout Quintet?,Schubert,Franz Schubert,0.5641906866452643,0.4358093133547357,1,0.5004024235381879,0.7219280948873623,0.2780719051126377,0.7219280948873623,2,0.8,2
454,In which country would you find the region of Assam?,India,India,0.5472866163603771,0.4527133836396229,0,0.0,0.0,1.0,0.0,1,1.0,1
455,Which group sang about 'Mrs. Brown's lovely daughter' in 1965?,HERMAN'S HERMITS,The Kinks,0.24531412664048524,0.7546858733595148,1,1.3321790402101223,0.9609640474436812,0.039035952556318754,0.9609640474436812,4,0.4,4
456,‘Albrecht Discount’ supermarket is better known by what name?,Aldi,Aldi,0.6387247955491334,0.3612752044508666,0,0.0,0.0,1.0,0.0,1,1.0,1
457,What is the English name for the Rossini opera 'La Gazza Ladra'?,'THE THIEVING MAGPIE',The Fiendish Little Chicken,0.04373080281976227,0.9562691971802377,1,1.3321790402101223,0.9609640474436812,0.039035952556318754,0.9609640474436812,4,0.4,4
458,"""Who narrated """"March of the Penguins"""" and """"The Shawshank Redemption""""?""",Morgan Freeman,Jim Broadbent,0.025616786545030412,0.9743832134549696,1,1.3321790402101223,0.9609640474436812,0.039035952556318754,0.9609640474436812,4,0.4,4
459,What is the Caribbean island of St Christopher commonly known as?,St. Kitts,Saint Kitts,0.2920705806919188,0.7079294193080812,1,0.5004024235381879,0.7219280948873623,0.2780719051126377,0.7219280948873623,2,0.8,3
460,Bumble is the nickname of which sports commentator?,DAVID LLOYD,Bill Simmons,0.03279881291742903,0.967201187082571,1,1.0549201679861442,0.9602297178607612,0.03977028213923883,0.9602297178607612,3,0.4,3
461,A pentadecagon has how many sides?,15,15,0.7850159910147966,0.21498400898520345,0,0.0,0.0,1.0,0.0,1,1.0,1
462,In which decade was the Suez Canal opened; Abrahan Lincioln elected American President; Prince Albert died of typhoid?,1860's,1860s,0.845085461515642,0.15491453848435802,1,0.6730116670092565,0.9709505944546688,0.029049405545331197,0.9709505944546688,2,0.6,2
463,Kikuyu and Tutsi are two types of what?,African tribes,People,0.2428709712992475,0.7571290287007525,1,0.6730116670092565,0.9709505944546688,0.029049405545331197,0.9709505944546688,2,0.6,2
464,What was the name of the bar in which the TV show Cheers was set?,Cheers,Cheers,0.08794547959209176,0.9120545204079082,0,0.9502705392332347,0.8649735207179272,0.1350264792820728,0.8649735207179272,3,0.6,3
465,Which wading bird is encouraged to nest on rooftops as a symbol of fertility,Stork,Anas platyrhynchos,0.014100958503496464,0.9858990414965035,1,1.3321790402101223,0.9609640474436812,0.039035952556318754,0.9609640474436812,4,0.4,4
466,French woman Isabelle Dinoire was the first person to receive a transplant of which body part in 2005?,Face,Cornea,0.21662267021740933,0.7833773297825907,1,0.9502705392332347,0.8649735207179272,0.1350264792820728,0.8649735207179272,3,0.6,3
467,"""Which poet wrote the line, """"If winter comes, can spring be far behind""""?""",PERCY SHELLEY,Percy Bysshe Shelley,0.5814752019595957,0.4185247980404043,1,0.0,0.0,1.0,0.0,1,1.0,1
468,"For the 1st time ever, a person has won both a best actor/actress Oscar and a Razzie for the worst actor/actress in the same year. Who did it this year?",Sandra Bullock,Tom Hanks,0.019650370947738582,0.9803496290522614,1,1.6094379124341005,1.0,0.0,1.0,5,0.2,5
469,"Unveiled on May 11th 2007, a bronze statue of which famous figure now stands outside Wembley Stadium? It features the character with arms folded and one foot resting on a ball.",BOBBY MOORE,Muhammad Ali,0.45356192321165356,0.5464380767883464,1,0.6730116670092565,0.9709505944546688,0.029049405545331197,0.9709505944546688,2,0.6,2
470,From which ballet company did Rudolph Nuryev defect to the west?,KIROV,Kirov Ballet,0.555815527215167,0.44418447278483303,1,0.5004024235381879,0.7219280948873623,0.2780719051126377,0.7219280948873623,2,0.8,2
471,"Which Mediterranean island is associated with the Greek goddess of love, Aphrodite?",CYPRUS,Cyprus,0.26032870424759147,0.7396712957524085,0,0.0,0.0,1.0,0.0,1,1.0,1
472,"Which pop group comprised John Gorman, Roger McGough and Mike McGear?",'THE SCAFFOLD',The Foundations,0.0013964657980543027,0.9986035342019457,1,1.6094379124341005,1.0,0.0,1.0,5,0.2,5
473,Which brewery produces the beer 'Spitfire'?,SHEPHERD NEAME,Stone Brewing Company,0.10540957123660155,0.8945904287633984,1,1.6094379124341005,1.0,0.0,1.0,5,0.2,5
474,"Where, in literature can you find Willy Nilly, Organ Morgan and Bessie Bighead?",UNDER MILK WOOD,Children's literature,0.07560573819770788,0.9243942618022921,1,1.0549201679861442,0.9602297178607612,0.03977028213923883,0.9602297178607612,3,0.4,3
475,The significant ancient Egyptian diety Horus (a man with a falcon's head) features the related '(What?) of Horus' symbol of protection/good health?,Eye,Eye,0.3453401222243129,0.6546598777756871,0,1.3321790402101223,0.9609640474436812,0.039035952556318754,0.9609640474436812,4,0.4,4
476,Who wrote The Origin of Species in 1859?,CHARLES DARWIN,Charles Darwin,0.16693695135793873,0.8330630486420613,0,0.0,0.0,1.0,0.0,1,1.0,1
477,"Steve Davis reached every final of the Snooker World Championship between 1983 and 1989, but who were the two players who beat him?",Dennis Taylor and Joe Johnson,"Terry Griffiths, Ken Doherty",0.009346348796600235,0.9906536512033998,1,1.3321790402101223,0.9609640474436812,0.039035952556318754,0.9609640474436812,4,0.4,5
478,Who played Heinrich Himmler in the 1976 film ‘The Eagle Has Landed’?,Donald Pleasance,Donald Sutherland,0.14665986406409803,0.853340135935902,1,1.6094379124341005,1.0,0.0,1.0,5,0.2,5
479,"Which four letter word beginning with A is the name of a  god depicted as a bull, symbolising fertility and strength in war?",Apis,Amau,0.06402376280297084,0.9359762371970292,1,1.3321790402101223,0.9609640474436812,0.039035952556318754,0.9609640474436812,4,0.4,4
480,The dominant 14-18th century Oyo Empire of Nigeria was noted for the organizational abilities of the Yoruba people and what feature of its powerful army?,Cavalry,cavalry,0.14331672117957117,0.8566832788204288,0,1.3321790402101223,0.9609640474436812,0.039035952556318754,0.9609640474436812,4,0.4,4
481,In Roman Britain where was Vectis?,ISLE OF WIGHT,Isle of Man,0.3172067679008348,0.6827932320991652,1,0.5004024235381879,0.7219280948873623,0.2780719051126377,0.7219280948873623,2,0.8,2
482,On which river does Balmoral Castle stand?,River Dee,River Dee,0.056870536297981,0.943129463702019,0,1.0549201679861442,0.9602297178607612,0.03977028213923883,0.9602297178607612,3,0.4,3
483,What medical term is used for an extreme life-threatening allergic reaction?,Anaphylaxis,Anaphylaxis,0.5524160949693979,0.44758390503060214,0,0.0,0.0,1.0,0.0,1,1.0,1
484,‘Life Thru a Lens’ was the first No. 1 album by which singer in 1997?,Robbie Williams,TLC,0.07758772136083569,0.9224122786391643,1,1.3321790402101223,0.9609640474436812,0.039035952556318754,0.9609640474436812,4,0.4,4
485,What was Coco Chanel's real first name?,Gabrielle,Gabrielle,0.11914625860938866,0.8808537413906113,0,0.6730116670092565,0.9709505944546688,0.029049405545331197,0.9709505944546688,2,0.6,2
486,Who directed The Big Sleep and Gentlemen Prefer Blondes?,Howard Hawks,Howard Hawks,0.6391690255758161,0.3608309744241839,0,0.0,0.0,1.0,0.0,1,1.0,1
487,"Where is the Castillo de los Tres Reyes Magos del Morro designed by Italian engineer Juan Bautista Antonelli, and built in 1589?","The entrance to Havana bay in Havana, Cuba",Puerto Rico,0.5661260966127896,0.43387390338721044,1,0.5004024235381879,0.7219280948873623,0.2780719051126377,0.7219280948873623,2,0.8,2
488,"Which South Korean car company was bought by General Motors in 2001, its cars then being produced under the Chevrolet badge?",Daewoo,Hyundai,0.45024993606509833,0.5497500639349017,1,1.0549201679861442,0.9602297178607612,0.03977028213923883,0.9602297178607612,3,0.4,3
489,"""Whom did 'Sherlock Holmes' describe as """"The Napoleon of crime""""?""",PROFESSOR MORIARTY,James Moriarty,0.32103830891651997,0.67896169108348,1,1.3321790402101223,0.9609640474436812,0.039035952556318754,0.9609640474436812,4,0.4,4
490,What ocean borders the US state of Georgia?,Atlantic,Atlantic Ocean,0.527710348703545,0.47228965129645495,1,0.0,0.0,1.0,0.0,1,1.0,1
491,Which Elgar piece is dedicated ‘ to my friends pictured within’?,Enigma Variations,Enigma Variations,0.7129286566609836,0.28707134333901646,0,0.5004024235381879,0.7219280948873623,0.2780719051126377,0.7219280948873623,2,0.8,2
492,Which Roman Emperor who ruled from 300-377 AD was the first to be converted to Christianity?,CONSTANTINE,Valentinian I,0.09469925865657214,0.9053007413434279,1,1.0549201679861442,0.9602297178607612,0.03977028213923883,0.9602297178607612,3,0.4,3
493,Anthony van Dyke was court painter of which English monarch?,King Charles I,Elizabeth I,0.7577838924938712,0.24221610750612876,1,0.6730116670092565,0.9709505944546688,0.029049405545331197,0.9709505944546688,2,0.6,2
494,"As leader of the Teen Titans, ‘Robin’ aka Dick Grayson took on which other identity?",Nightwing,Nightwing,0.5292198224920354,0.47078017750796464,0,0.6730116670092565,0.9709505944546688,0.029049405545331197,0.9709505944546688,2,0.6,2
495,Charlotte is the largest city in the 'Tar Heel State'. Which state?,NORTH CAROLINA,North Carolina,0.8192621348280211,0.18073786517197885,0,0.0,0.0,1.0,0.0,1,1.0,1
496,What was the name of Scrooge's long suffering clerk in a Christmas Carol?,Bob Cratchit,Bob Cratchit,0.6822325948199023,0.3177674051800977,0,0.0,0.0,1.0,0.0,1,1.0,2
497,"What branch of the US Armed Forces, founded in 1790, trains its officers at its academy in New London, Ct?",U.S. Coast Guard,Marine Corps,0.3906564409710902,0.6093435590289098,1,0.0,0.0,1.0,0.0,1,1.0,1
498,What is the state capital of North Dakota?,Bismarck,Bismarck,0.15960001335283536,0.8403999866471646,0,0.0,0.0,1.0,0.0,1,1.0,1
499,"""What 1978 film featured the songs """"You're the One That I Want"""" and """"Born to Hand Jive""""?""",Grease,Grease,0.4690178213880971,0.5309821786119029,0,0.0,0.0,1.0,0.0,1,1.0,1
500,"What is the title of late actor Charlie Chaplin’s last completed film, launched in the UK in 1967?",A Countess From Hong Kong,The Little King,0.15399399217930865,0.8460060078206914,1,1.0549201679861442,0.9602297178607612,0.03977028213923883,0.9602297178607612,3,0.4,3
